{
"type": "FeatureCollection",
"name": "site de visite accessible et proche d'un arrêt observant plus d'un passage de bus par heure",
"crs": { "type": "name", "properties": { "name": "urn:ogc:def:crs:OGC:1.3:CRS84" } },
"features": [
{ "type": "Feature", "properties": { "Type_d_obj": "Patrimoine culturel", "NB_visiteu": "92091", "Nom": "Fondation Villa Datris + Campredon 12369 + Filaventure 8722", "Adresse_1": "7 Avenue des Quatre Otages", "Adresse_2": null, "Code_posta": "84800", "Commune": "L'Isle-sur-la-Sorgue", "Pays": "France", "Longitude": 5.054784, "Latitude": 43.91879, "Téléphon": "04 90 95 23 70", "Téléph_1": "+33 4 90 95 23 70", "Mél": "info@villadatris.com", "Tarifs_en_": "Gratuit.", "Période_e": "Du 19/05 au 30/06/2024 de 11h à 18h.\nFermé lundi et mardi.\nFermé entre 13h et 14h / Dimanche ouvert en continu.\n\nDu 01/07 au 31/08/2024 de 10h à 19h.\nFermé le mardi.\nFermé entre 13h et 14h / Dimanche ouvert en continu.\n\nDu 01/09 au 03/11/2024 de 11", "Descriptif": "La Fondation Villa Datris est un espace dédié à la sculpture contemporaine, à L’Isle-sur-la-Sorgue. Elle accueille une exposition différente chaque année, de mai à novembre.", "Descript_1": "Depuis 2011, la Fondation Villa Datris située à l’Isle-sur-la-Sorgue dans le Vaucluse propose chaque année une exposition thématique réunissant artistes contemporains de renommée internationale et talents émergents. \nL’exposition a pour vocati", "F18": null, "F19": null, "F20": null, "F21": null, "F22": null, "F23": null, "F24": null, "F25": null, "F26": null, "desserte": null, "layer": "nouveau site de visite", "path": "C:\\Users\\urbai\\OneDrive\\Desktop\\Docs\\Avignon Université\\Master1 GéoTer\\Mémoire\\projet qgis\\site de visite\\nouveau site de visite.dbf|layername=nouveau site de visite" }, "geometry": { "type": "Point", "coordinates": [ 5.054784, 43.91879 ] } },
{ "type": "Feature", "properties": { "Type_d_obj": "Patrimoine culturel", "NB_visiteu": "17744", "Nom": "Musée du Costume Comtadin - Magasin Drapier +  musée de la veille école 136 +Musée comtadin 5304 + Maison fléchier 2858+ musée de la résistance 4318", "Adresse_1": "9 Rue Gambetta", "Adresse_2": null, "Code_posta": "84210", "Commune": "Pernes-les-Fontaines", "Pays": "France", "Longitude": 5.056878, "Latitude": 43.997961, "Téléphon": "04 90 61 31 04", "Téléph_1": "+33 4 90 61 31 04", "Mél": "costume.comtadin@laposte.net", "Tarifs_en_": "Gratuit.", "Période_e": "Du 29/04 au 31/05/2024 de 14h30 à 18h.\nFermé le mardi.\n\nDu 01/06 au 28/06/2024 de 15h30 à 19h.\nFermé le mardi.\n\nDu 29/06 au 29/09/2024.\nFermé le mardi.\nDe 10h15 à 12h30 et de 15h30 à 19h.", "Descriptif": "Cet ancien Magasin Drapier de 1860 est resté figé dans le temps et offre au visiteur un aperçu très réalsite des objets et tissus dont se servaient les aieules pour confectionner leur vêtement.", "Descript_1": "Au pied de la tour Ferrande dans une charmante maison de village, est installée la maison du costume comtadin avec son magasin drapier du XIXe s., et ses salles d’exposition de costumes du Comtat Venaissin. \n\nLe magasin drapier, créé vers 1860, a é", "F18": null, "F19": null, "F20": null, "F21": null, "F22": null, "F23": null, "F24": null, "F25": null, "F26": null, "desserte": null, "layer": "nouveau site de visite", "path": "C:\\Users\\urbai\\OneDrive\\Desktop\\Docs\\Avignon Université\\Master1 GéoTer\\Mémoire\\projet qgis\\site de visite\\nouveau site de visite.dbf|layername=nouveau site de visite" }, "geometry": { "type": "Point", "coordinates": [ 5.056878, 43.997961 ] } },
{ "type": "Feature", "properties": { "Type_d_obj": "Patrimoine culturel", "NB_visiteu": "56996", "Nom": "Musée de la Lavande Luberon", "Adresse_1": "276 Route de Gordes", "Adresse_2": "Hameau de Coustellet", "Code_posta": "84220", "Commune": "Cabrières-d'Avignon", "Pays": "France", "Longitude": 5.146194, "Latitude": 43.869777, "Téléphon": "04 90 76 91 23", "Téléph_1": "+33 4 90 76 91 23", "Mél": "contact@museedelalavande.com", "Tarifs_en_": "Tarif réduit : 7 €\nAdulte : 8 €\nEnfant (11-16 ans) : 4 €\nHandicapé : 5,50 €\nGroupe adultes : de 6 à 7 €.\n\n Gratuit pour les moins de 10 ans, la presse, les accompagnateurs guides, les chauffeurs.\n Tarif groupe à partir de 10 personnes.", "Période_e": "Du 01/04 au 23/12, tous les jours.\nAvril, Mai, Juin, Septembre, Octobre, Novembre, Décembre : ouvert de 10h à 13h et de 14h à 18h (dernière entrée dans le musée a 17h, fermeture de la boutique à 18h).\n\nJuillet et Aout : ouvert non-stop de 10h à 1", "Descriptif": "Le Musée de la Lavande Luberon est un lieu de découverte, véritable conservatoire du savoir-faire provençal de la lavande, hébergeant une magnifique collection d'alambics dans la muséographie soignée et des animations estivales pour découvrir cet", "Descript_1": "Le Musée de la Lavande Luberon, c’est  le conservatoire de la vraie lavande de Provence qui propose des visites (en autonomie avec un audio-guide), des ateliers et des évènements exclusifs pour tous les amateurs de cette fleur emblématique de Prove", "F18": null, "F19": null, "F20": null, "F21": null, "F22": null, "F23": null, "F24": null, "F25": null, "F26": null, "desserte": null, "layer": "nouveau site de visite", "path": "C:\\Users\\urbai\\OneDrive\\Desktop\\Docs\\Avignon Université\\Master1 GéoTer\\Mémoire\\projet qgis\\site de visite\\nouveau site de visite.dbf|layername=nouveau site de visite" }, "geometry": { "type": "Point", "coordinates": [ 5.146194, 43.869777 ] } },
{ "type": "Feature", "properties": { "Type_d_obj": "Patrimoine naturel", "NB_visiteu": "378600", "Nom": "Sentier des Ocres", "Adresse_1": "Le Village", "Adresse_2": null, "Code_posta": "84220", "Commune": "Roussillon", "Pays": "France", "Longitude": 5.297138, "Latitude": 43.900049, "Téléphon": null, "Téléph_1": null, "Mél": null, "Tarifs_en_": "Adulte : 3,50 €\nGroupe adultes : 2,50 € (Pour un minimum de 15 pers.).\n\n Gratuit pour les moins de 10 ans, les accompagnateurs guides, les chauffeurs, les personnes handicapées et leurs accompagnants.\n Tarif groupe à partir de 15 personnes.", "Période_e": "Du 09/02 au 28/02, tous les jours de 11h à 15h30.\n(16h sortie).\n\nDu 01/03 au 31/03, tous les jours de 10h à 17h.\n(17h30 sortie).\n\nDu 01/04 au 30/04, tous les jours de 9h30 à 17h30.\n(18h sortie).\n\nDu 01/05 au 31/05, tous les jours de 9h30 à 18h30.\nFer", "Descriptif": "Promenez-vous dans ce sentier arboré, aménagé dans d'anciennes carrières ; émerveillez-vous de ses couleurs éclatantes, de ses paysages insolites façonnés par deux siècles d'exploitation ocrière et par le temps.\n2 parcours (court ou long) de 30", "Descript_1": "Appréciez ses haltes permettant de s'adonner à la rêverie : la mer à l'origine des ocres, la relation intime du végétal et du minéral, l'infiniment petit et l'infiniment lointain. Baladez-vous au milieu de ces mystérieuses formations d'ocres, ent", "F18": null, "F19": null, "F20": null, "F21": null, "F22": null, "F23": null, "F24": null, "F25": null, "F26": null, "desserte": null, "layer": "nouveau site de visite", "path": "C:\\Users\\urbai\\OneDrive\\Desktop\\Docs\\Avignon Université\\Master1 GéoTer\\Mémoire\\projet qgis\\site de visite\\nouveau site de visite.dbf|layername=nouveau site de visite" }, "geometry": { "type": "Point", "coordinates": [ 5.297138, 43.900049 ] } },
{ "type": "Feature", "properties": { "Type_d_obj": "Patrimoine culturel", "NB_visiteu": "0", "Nom": "Château des Papes", "Adresse_1": "Château des Papes", "Adresse_2": "route d'Orange", "Code_posta": "84230", "Commune": "Châteauneuf-du-Pape", "Pays": "France", "Longitude": 4.829139, "Latitude": 44.057713, "Téléphon": "04 90 83 71 08", "Téléph_1": "+33 4 90 83 71 08", "Mél": "accueil.chateauneufdupape@paysdorange.com", "Tarifs_en_": "Accès libre.", "Période_e": "Toute l'année, tous les jours.", "Descriptif": "C’est le Pape Jean XXII, second pape avignonnais, qui choisit de bâtir en 1316 à « Châteauneuf Calcernier » une résidence, tout à la fois de villégiature et avant tout, poste de défense stratégique.", "Descript_1": "Sa position stratégique, au nord de la cité, en limite avec la principauté d’Orange en hauteur et en bordure du Rhône, lui permet de contrôler la voie d’accès depuis le nord. \nUn jardin d'agrément est aménagé autour du château, ainsi qu'un", "F18": null, "F19": null, "F20": null, "F21": null, "F22": null, "F23": null, "F24": null, "F25": null, "F26": null, "desserte": null, "layer": "nouveau site de visite", "path": "C:\\Users\\urbai\\OneDrive\\Desktop\\Docs\\Avignon Université\\Master1 GéoTer\\Mémoire\\projet qgis\\site de visite\\nouveau site de visite.dbf|layername=nouveau site de visite" }, "geometry": { "type": "Point", "coordinates": [ 4.829139, 44.057713 ] } },
{ "type": "Feature", "properties": { "Type_d_obj": "Patrimoine culturel", "NB_visiteu": "0", "Nom": "Gordes", "Adresse_1": "Le Village", "Adresse_2": null, "Code_posta": "84220", "Commune": "Gordes", "Pays": "France", "Longitude": 5.201092, "Latitude": 43.91121, "Téléphon": "04 90 72 02 08", "Téléph_1": "+33 4 90 72 02 08", "Mél": null, "Tarifs_en_": "Accès libre.", "Période_e": null, "Descriptif": "Découvrez l'incontournable village de Gordes, classé parmi les plus beaux villages de France, où la pierre calcaire, les murs en pierres sèches et les bories sont des composantes omniprésentes du paysage.", "Descript_1": "Les lieux à ne pas pas manquer :\n\nLe Château\nClassé monument historique en 1931, il faut la propriété de la famille d'Agoult Simiane qui régna sur Gordes pendant près de 700 ans.\nIl abrita le musée didactique de Vasarely puis celles de l'artiste", "F18": null, "F19": null, "F20": null, "F21": null, "F22": null, "F23": null, "F24": null, "F25": null, "F26": null, "desserte": null, "layer": "nouveau site de visite", "path": "C:\\Users\\urbai\\OneDrive\\Desktop\\Docs\\Avignon Université\\Master1 GéoTer\\Mémoire\\projet qgis\\site de visite\\nouveau site de visite.dbf|layername=nouveau site de visite" }, "geometry": { "type": "Point", "coordinates": [ 5.201092, 43.91121 ] } },
{ "type": "Feature", "properties": { "Type_d_obj": "Patrimoine culturel", "NB_visiteu": "0", "Nom": "Le Théâtre Antique", "Adresse_1": "Dans le site antique de Puymin", "Adresse_2": null, "Code_posta": "84110", "Commune": "Vaison-la-Romaine", "Pays": "France", "Longitude": 5.074277, "Latitude": 44.242893, "Téléphon": "04 90 36 50 48 (Service du patrimoine)|04 90 36 02 11", "Téléph_1": "+33 4 90 36 50 48 (Service du patrimoine)|+33 4 90 36 02 11", "Mél": "contact@vaison-ventoux-tourisme.com", "Tarifs_en_": "Plein tarif : 9 €\nTarif réduit : 7,50 € (sur présentation du billet du petit train touristique)\nEnfant : 4 € (10/18 ans).\n\n Gratuit pour les moins de 10 ans.\n\nPass d'entrée unique pour l'ensemble des sites archéologique, valable 24h.\nGratuit po", "Période_e": "Du 07/02 au 31/12, tous les jours de 9h30 à 18h.\nFermeture entre 12h30 et 13h30.", "Descriptif": "Musée de site, il présente une riche collection de statues en marbre, dont l’exceptionnel couple impérial Hadrien et Sabine. Attention ! Le  pass sanitaire est obligatoire", "Descript_1": "LE PASS SANITAIRE est obligatoire dès le 21 juillet \n(Sauf pour les 11/17 ans – obligation reportée au 30 août)\n\n3 preuves sanitaires à fournir :\n- Test PCR –72 heures.\n- Test antigénique -48 heures.\n- Preuve vaccination 2ème dose +7 jours.\n\n", "F18": null, "F19": null, "F20": null, "F21": null, "F22": null, "F23": null, "F24": null, "F25": null, "F26": null, "desserte": null, "layer": "nouveau site de visite", "path": "C:\\Users\\urbai\\OneDrive\\Desktop\\Docs\\Avignon Université\\Master1 GéoTer\\Mémoire\\projet qgis\\site de visite\\nouveau site de visite.dbf|layername=nouveau site de visite" }, "geometry": { "type": "Point", "coordinates": [ 5.074277, 44.242893 ] } },
{ "type": "Feature", "properties": { "Type_d_obj": "Patrimoine culturel", "NB_visiteu": "241500", "Nom": "Théâtre Antique d'Orange + musée art et histoire 52000", "Adresse_1": "Rue Madeleine Roch", "Adresse_2": null, "Code_posta": "84100", "Commune": "Orange", "Pays": "France", "Longitude": 4.808804, "Latitude": 44.135913, "Téléphon": "04 90 51 17 60", "Téléph_1": "+33 4 90 51 17 60", "Mél": "message@theatre-antique.com", "Tarifs_en_": "Tarif réduit : à partir de 9,50 € (11€ en période d'animations)\nAdulte : à partir de 11,50 €\nEnfant (7-17 ans) : à partir de 9,50 € (Enfant de 7 à 17 ans, porteurs du Pass Éducation, demandeurs d’emploi))\nGroupe adultes : 9 € (Groupe c", "Période_e": "Toute l'année, tous les jours.\nThéâtre antique :\n-Janvier, février, novembre, décembre : 9h30-16h30\n-Mars, octobre : 9h30-17h30\n-Avril, mai, septembre : 9h-18h\n-Juin, juillet, août : 9h-19h\n\n\nCes horaires peuvent être modifiés en soirée lors des", "Descriptif": "Le théâtre antique d’Orange est le mieux conservé du monde occidental. Inscrit au patrimoine mondial  de l’UNESCO depuis 1981, il doit sa renommée à son monumental mur de scène. « La plus belle  muraille de mon royaume », disait Louis XIV.", "Descript_1": "La visite audioguidée vous fait revivre l'histoire du monument, découvrez également le Musée d'Art et d’Histoire qui retrace l’histoire d'Orange de l'Antiquité jusqu'au XXe siècle. Edifié au début de l'ère chrétienne, il doit sa réputation", "F18": null, "F19": null, "F20": null, "F21": null, "F22": null, "F23": null, "F24": null, "F25": null, "F26": null, "desserte": null, "layer": "nouveau site de visite", "path": "C:\\Users\\urbai\\OneDrive\\Desktop\\Docs\\Avignon Université\\Master1 GéoTer\\Mémoire\\projet qgis\\site de visite\\nouveau site de visite.dbf|layername=nouveau site de visite" }, "geometry": { "type": "Point", "coordinates": [ 4.808804, 44.135913 ] } },
{ "type": "Feature", "properties": { "Type_d_obj": "Patrimoine culturel", "NB_visiteu": "0", "Nom": "Harmas Jean-Henri Fabre", "Adresse_1": "445 Route d'Orange", "Adresse_2": null, "Code_posta": "84830", "Commune": "Sérignan-du-Comtat", "Pays": "France", "Longitude": 4.840305, "Latitude": 44.188038, "Téléphon": "04 90 30 57 62", "Téléph_1": "+33 4 90 30 57 62", "Mél": "jhfabre@mnhn.fr", "Tarifs_en_": "Tarif réduit : 7 € (Porteur du Pass Education ; porteur du Pass Provence)\nAdulte : 10 €\nEnfant : 7 € (Jeunes (de 3 à 17 ans)).\n\n Gratuit pour les moins de 3 ans, la presse, les accompagnateurs guides, les chauffeurs, les demandeurs d'emploi, les", "Période_e": "Toute l'année, tous les jours.\nFermetures exceptionnelles les 1er janvier, Lundi de Pâques, 1er mai, 14 juillet, 15 août, 1er novembre, 11 novembre et 25 décembre.\nDu 1er septembre 2023 au 31 mars 2024\nTous les jours 10 h à 12 h 30 et 13 h 30 à 17", "Descriptif": "Labellisé « Maison des illustres » et « Jardin remarquable », l’Harmas Jean-Henri Fabre est la dernière demeure du naturaliste Jean-Henri Fabre, touche-à-tout de génie sur laquelle veille le Muséum national d’Histoire naturelle depuis 1922.", "Descript_1": "Il s’y installe en 1879 et fait de ce lieu son laboratoire à ciel ouvert. Le mas rustique à la façade rose et aux volets verts, ainsi que son parc d’un hectare à la végétation méditerranéenne offrent à tous les publics un voyage instructif e", "F18": null, "F19": null, "F20": null, "F21": null, "F22": null, "F23": null, "F24": null, "F25": null, "F26": null, "desserte": null, "layer": "nouveau site de visite", "path": "C:\\Users\\urbai\\OneDrive\\Desktop\\Docs\\Avignon Université\\Master1 GéoTer\\Mémoire\\projet qgis\\site de visite\\nouveau site de visite.dbf|layername=nouveau site de visite" }, "geometry": { "type": "Point", "coordinates": [ 4.840305, 44.188038 ] } },
{ "type": "Feature", "properties": { "Type_d_obj": "Patrimoine culturel", "NB_visiteu": "6069", "Nom": "Musée d'Apt", "Adresse_1": "14 Place du Postel", "Adresse_2": null, "Code_posta": "84400", "Commune": "Apt", "Pays": "France", "Longitude": 5.397983, "Latitude": 43.875742, "Téléphon": "04 90 74 95 30", "Téléph_1": "+33 4 90 74 95 30", "Mél": "musee@apt.fr", "Tarifs_en_": "Plein tarif : 5 €\nTarif réduit : 3 €.\n\n Gratuit pour les moins de 18 ans, la presse, les chauffeurs, les enseignants.\n Tarif groupe à partir de 10 personnes.", "Période_e": "Du 01/07 au 31/08/2024.\nFermé le dimanche.\nFermetures exceptionnelles les 14 juillet et 15 août.\nOuvert du lundi au samedi de 10h à 12h et de 14h à 17h30.\n\nDu 01/09/2024 au 30/06/2025.\nFermé lundi et dimanche.\nFermetures exceptionnelles les 1er janv", "Descriptif": "L’ensemble des collections retraçant l’activité économique du Pays d’Apt : faïences, fruits confits et ocres sont exposés dans ce musée.", "Descript_1": "Installé dans une ancienne usine de fruit confits, le Musée d'Apt présente les principaux aspects de l'activité industrielle traditionnelle du Pays d'Apt, caractérisée par la transformation des trois principales ressources naturelles de la région", "F18": null, "F19": null, "F20": null, "F21": null, "F22": null, "F23": null, "F24": null, "F25": null, "F26": null, "desserte": null, "layer": "nouveau site de visite", "path": "C:\\Users\\urbai\\OneDrive\\Desktop\\Docs\\Avignon Université\\Master1 GéoTer\\Mémoire\\projet qgis\\site de visite\\nouveau site de visite.dbf|layername=nouveau site de visite" }, "geometry": { "type": "Point", "coordinates": [ 5.397983, 43.875742 ] } },
{ "type": "Feature", "properties": { "Type_d_obj": "Patrimoine culturel", "NB_visiteu": "68628", "Nom": "Le Musée archéologique Théo Desplans", "Adresse_1": "Dans le site antique de Puymin", "Adresse_2": null, "Code_posta": "84110", "Commune": "Vaison-la-Romaine", "Pays": "France", "Longitude": 5.074277, "Latitude": 44.242893, "Téléphon": "04 90 46 51 14 (Musée archéologique Théo desplans)", "Téléph_1": "+33 4 90 46 51 14 (Musée archéologique Théo desplans)", "Mél": null, "Tarifs_en_": "Plein tarif : 9 €\nAdolescent : 4 € (Pour les jeunes de 10 à 17 ans et les étudiants de moins de 25 ans.).\n\n Gratuit pour les moins de 10 ans.\n\nL'entrée au musée est incluse dans l'achat du billet-pass.", "Période_e": "Du 10/02 au 31/12, tous les jours.\nDe 9h30 à 12h15 et de 14h à 17h15.", "Descriptif": "Les sites et le musée archéologiques sont ouverts à la visite, tous les jours de 9h30 à 12h30 et de 14h à 17h30. L’accès au musée n'est plus accessible 15 mn avant sa fermeture.", "Descript_1": "Le musée présente une riche collection de statues en marbre, dont l’exceptionnel couple impérial Hadrien et Sabine, des décors de fresques et de mosaïques, une belle collection d'objets funéraires et de culte et de nombreux objets de la vie coura", "F18": null, "F19": null, "F20": null, "F21": null, "F22": null, "F23": null, "F24": null, "F25": null, "F26": null, "desserte": null, "layer": "nouveau site de visite", "path": "C:\\Users\\urbai\\OneDrive\\Desktop\\Docs\\Avignon Université\\Master1 GéoTer\\Mémoire\\projet qgis\\site de visite\\nouveau site de visite.dbf|layername=nouveau site de visite" }, "geometry": { "type": "Point", "coordinates": [ 5.074277, 44.242893 ] } },
{ "type": "Feature", "properties": { "Type_d_obj": "Patrimoine culturel", "NB_visiteu": "0", "Nom": "Le Naturoptère", "Adresse_1": "Chemin du Grès", "Adresse_2": null, "Code_posta": "84830", "Commune": "Sérignan-du-Comtat", "Pays": "France", "Longitude": 4.841285, "Latitude": 44.188046, "Téléphon": "04 90 30 33 20", "Téléph_1": "+33 4 90 30 33 20", "Mél": "contact@naturoptere.fr", "Tarifs_en_": "Tarif réduit : 7 € (3-17 ans + Pass Provence)\nAdulte : 10 € (billet en commun avec l'Harmas (un billet = entrée dans les 2 sites)\nFamille nombreuse : à partir de 28 € ((2 adultes et 2 enfants) : 28€ + 5€ par enfant supplémentaire)\nGroupe ad", "Période_e": "Toute l'année, tous les jours.\nFermetures exceptionnelles les 1er janvier, Lundi de Pâques, 1er mai, 14 juillet, 15 août, 1er novembre, 11 novembre et 25 décembre.\n01/09/23 au 31/03/24 ouvert du mardi au samedi de 10:00 à 12.:30 et de 13:30 à 17:00", "Descriptif": "Implanté à Sérignan-du-Comtat, en face de l’Harmas du célèbre naturaliste Jean-Henri FABRE, le Naturoptère est un centre culturel et pédagogique dédié à la nature et à l’environnement.", "Descript_1": "Visitez les expositions et les jardins de ce site insolite et apprenez-en toujours plus sur la biodiversité qui nous entoure.\n\nLe Naturoptère est un centre culturel et pédagogique dédié à  la nature et à l'environnement.\n\n\nAu cœur d'un bâtiment", "F18": null, "F19": null, "F20": null, "F21": null, "F22": null, "F23": null, "F24": null, "F25": null, "F26": null, "desserte": null, "layer": "nouveau site de visite", "path": "C:\\Users\\urbai\\OneDrive\\Desktop\\Docs\\Avignon Université\\Master1 GéoTer\\Mémoire\\projet qgis\\site de visite\\nouveau site de visite.dbf|layername=nouveau site de visite" }, "geometry": { "type": "Point", "coordinates": [ 4.841285, 44.188046 ] } },
{ "type": "Feature", "properties": { "Type_d_obj": "Patrimoine culturel", "NB_visiteu": "1539945", "Nom": "Palais des Papes + Maison Jean Vilar 13100 - musée lapidaire (190 000) Angladon 21376 - Pont d'avignon 541144", "Adresse_1": "Place du Palais des Papes", "Adresse_2": null, "Code_posta": "84000", "Commune": "Avignon", "Pays": "France", "Longitude": 4.807685, "Latitude": 43.950708, "Téléphon": "04 32 74 32 74", "Téléph_1": "+33 4 32 74 32 74", "Mél": "officetourisme@avignon-tourisme.com", "Tarifs_en_": "Plein tarif : 12 € (- Palais + jardins :  14.50 €)\nTarif réduit : 10 € (- Palais + jardins :   11.50 €)\nEnfant : 6,50 € (8-17 ans).\n\n Gratuit pour les moins de 8 ans.\n\nPour les Avignonnais et les habitants de Montfavet : gratuité tous les dim", "Période_e": "Du 01/03 au 03/11/2024, tous les jours de 9h à 19h.\nFermeture des caisses 1h avant.\n\nDu 04/11 au 20/12/2024, tous les jours de 10h à 17h.\nFermeture des caisses 1h avant.\n\nDu 21/12 au 31/12/2024, tous les jours de 10h à 18h.\nFermeture des caisses 1h av", "Descriptif": "La monumentale résidence des souverains pontifes, symbole du rayonnement  de l’Eglise sur l’Occident Chrétien du XIVe siècle, constitue le plus important palais gothique du monde !", "Descript_1": "Le Palais des Papes fait partie des 10 monuments les plus visités en France.\n\nRésidence des souverains pontifes du XIVe siècle, classée au Patrimoine mondial de l'UNESCO, il constitue le plus important palais gothique du monde (15 000 m2 de plancher,", "F18": null, "F19": null, "F20": null, "F21": null, "F22": null, "F23": null, "F24": null, "F25": null, "F26": null, "desserte": null, "layer": "nouveau site de visite", "path": "C:\\Users\\urbai\\OneDrive\\Desktop\\Docs\\Avignon Université\\Master1 GéoTer\\Mémoire\\projet qgis\\site de visite\\nouveau site de visite.dbf|layername=nouveau site de visite" }, "geometry": { "type": "Point", "coordinates": [ 4.807685, 43.950708 ] } },
{ "type": "Feature", "properties": { "Type_d_obj": "Patrimoine culturel", "NB_visiteu": "1187", "Nom": "Chapelle du Grand Couvent", "Adresse_1": "194, Grand'Rue", "Adresse_2": null, "Code_posta": "84300", "Commune": "Cavaillon", "Pays": "France", "Longitude": 5.037177, "Latitude": 43.838092, "Téléphon": "04 90 72 26 86", "Téléph_1": "+33 4 90 72 26 86", "Mél": "patrimoine.musees@ville-cavaillon.fr", "Tarifs_en_": "Certaines expositions sont gratuites, d'autres payantes.\nProgrammation 2024 en cours.", "Période_e": "Fermé temporairement.", "Descriptif": "Le Grand-Couvent abritait à l'origine un couvent de Bénédictines (XIVe s.) qui fut modifié par la Contre-Réforme (XVIIe s.).\nLa chapelle accueille, depuis quelques années, un espace municipal dédié aux expositions temporaires.", "Descript_1": "La chapelle du Grand-Couvent est un monument phare de la Grand’Rue. A mi-parcours entre le groupe cathédral et la porte d’Avignon, l’édifice s’impose le long de la principale artère de la ville depuis l’Antiquité, le cardo, qui allait du no", "F18": null, "F19": null, "F20": null, "F21": null, "F22": null, "F23": null, "F24": null, "F25": null, "F26": null, "desserte": null, "layer": "nouveau site de visite", "path": "C:\\Users\\urbai\\OneDrive\\Desktop\\Docs\\Avignon Université\\Master1 GéoTer\\Mémoire\\projet qgis\\site de visite\\nouveau site de visite.dbf|layername=nouveau site de visite" }, "geometry": { "type": "Point", "coordinates": [ 5.037177, 43.838092 ] } },
{ "type": "Feature", "properties": { "Type_d_obj": "Patrimoine culturel", "NB_visiteu": "0", "Nom": "La Maison du Fruit Confit", "Adresse_1": "Quartier Salignan", "Adresse_2": "RD 900", "Code_posta": "84400", "Commune": "Apt", "Pays": "France", "Longitude": 5.361911, "Latitude": 43.885562, "Téléphon": "04 90 76 31 43 (La maison du fruit confit)", "Téléph_1": "+33 4 90 76 31 43 (La maison du fruit confit)", "Mél": "contact@lamaisondufruitconfit.com", "Tarifs_en_": "Accès libre. Visite Libre gratuite pour les visiteurs\n\nVisite commentées avec dégustation \" privilège\"\n15€ / personne sur réservation à partir de 10 personnes\nRéservation au 04 90 76 31 66.", "Période_e": null, "Descriptif": "L’espace muséographique et multimédia de près de 100 m2 vous transporte dans l’univers du fruit confit au cœur du Luberon.", "Descript_1": null, "F18": null, "F19": null, "F20": null, "F21": null, "F22": null, "F23": null, "F24": null, "F25": null, "F26": null, "desserte": null, "layer": "nouveau site de visite", "path": "C:\\Users\\urbai\\OneDrive\\Desktop\\Docs\\Avignon Université\\Master1 GéoTer\\Mémoire\\projet qgis\\site de visite\\nouveau site de visite.dbf|layername=nouveau site de visite" }, "geometry": { "type": "Point", "coordinates": [ 5.361911, 43.885562 ] } },
{ "type": "Feature", "properties": { "Type_d_obj": "Patrimoine culturel", "NB_visiteu": "0", "Nom": "Musée de la Géologie de la Maison du Parc", "Adresse_1": "60, place Jean-Jaurès", "Adresse_2": "BP 122", "Code_posta": "84400", "Commune": "Apt", "Pays": "France", "Longitude": 5.397602, "Latitude": 43.875276, "Téléphon": "04 90 04 42 00", "Téléph_1": "+33 4 90 04 42 00", "Mél": "accueil@parcduluberon.fr", "Tarifs_en_": "Gratuit.", "Période_e": "Du 02/01 au 31/12/2024 \nOuverture le lundi, mardi, mercredi, jeudi et vendredi de 8h30 à 12h et de 14h à 17h30.\nFermé samedi et dimanche.\nFermetures exceptionnelles les Lundi de Pâques, Jeudi de l'Ascension, Lundi de Pentecôte, 1er mai, 8 mai, 14 ju", "Descriptif": "Incontournable lors de votre visite dans la région : venez découvrir en famille le musée de géologie, installé dans les très belles caves voûtées de la Maison du Parc. GRATUIT \nAnimation spéciale à faire en famille :  Nuit des Musées 18 mai de", "Descript_1": "Plongez dans un voyage dans l’espace et le temps pour découvrir l’histoire foisonnante et mouvementée du Luberon depuis plus de 130 millions d’années.\nInstallé dans les belles caves voûtées de la Maison du Parc d'Apt, le musée vous invite à", "F18": null, "F19": null, "F20": null, "F21": null, "F22": null, "F23": null, "F24": null, "F25": null, "F26": null, "desserte": null, "layer": "nouveau site de visite", "path": "C:\\Users\\urbai\\OneDrive\\Desktop\\Docs\\Avignon Université\\Master1 GéoTer\\Mémoire\\projet qgis\\site de visite\\nouveau site de visite.dbf|layername=nouveau site de visite" }, "geometry": { "type": "Point", "coordinates": [ 5.397602, 43.875276 ] } },
{ "type": "Feature", "properties": { "Type_d_obj": "Patrimoine culturel", "NB_visiteu": "150", "Nom": "Musée de pays - Archéologie et Paléontologie", "Adresse_1": "Espace Jean Duffard (entrée par la cour, sous le porche)", "Adresse_2": "43 cours Victor Hugo", "Code_posta": "84600", "Commune": "Valréas", "Pays": "France", "Longitude": 4.988978, "Latitude": 44.385588, "Téléphon": "06 46 21 74 12", "Téléph_1": "+33 6 46 21 74 12", "Mél": "magalibathelier@gmail.com", "Tarifs_en_": "Adulte : 2 €\nEnfant : gratuit jusqu'à 17 ans.\n\n\nTarif : 2 €, à partir de 15 ans.", "Période_e": "Du 19/06 au 09/08/2024 \nOuverture le mercredi et vendredi de 10h à 12h et de 15h à 18h.\nMercredi, Vendredi : 10h à 12h, 15h à 18h\n\nHors période estivale, merci de contacter l'Office de Tourisme.", "Descriptif": "A la découverte de l'archéologie et paléontologie de Valréas et ses environs.\nPossibilité de visite toute l'année sur rendez-vous. Nous contacter.", "Descript_1": "Fossiles, pièces de monnaie, reconstitution de scènes préhistoriques, de nombreux mobiliers provenant de villas et tombes gallo-romaines permettent de mieux appréhender le passé de Valréas et de sa région.", "F18": null, "F19": null, "F20": null, "F21": null, "F22": null, "F23": null, "F24": null, "F25": null, "F26": null, "desserte": null, "layer": "nouveau site de visite", "path": "C:\\Users\\urbai\\OneDrive\\Desktop\\Docs\\Avignon Université\\Master1 GéoTer\\Mémoire\\projet qgis\\site de visite\\nouveau site de visite.dbf|layername=nouveau site de visite" }, "geometry": { "type": "Point", "coordinates": [ 4.988978, 44.385588 ] } },
{ "type": "Feature", "properties": { "Type_d_obj": "Patrimoine culturel", "NB_visiteu": "4314", "Nom": "Musée juif comtadin - ancienne synagogue", "Adresse_1": "Rue Hébraïque", "Adresse_2": null, "Code_posta": "84300", "Commune": "Cavaillon", "Pays": "France", "Longitude": 5.038513, "Latitude": 43.837105, "Téléphon": "04 90 72 26 86|04 90 71 21 06", "Téléph_1": "+33 4 90 72 26 86|+33 4 90 71 21 06", "Mél": "patrimoine.musees@ville-cavaillon.fr", "Tarifs_en_": "Plein tarif : 7 €\nTarif réduit : 5 € (Groupes >10 personnes, familles nombreuses, séniors + 60 ans, étudiants universitaires, enseignants, demandeurs d'emploi, bénéficiaires RSA.).\n\n\nBillet couplé avec le Musée archéologique.\n\nGratuité (sur", "Période_e": "Du 02/01 au 31/03.\nOuverture pour les groupes, uniquement sur réservation.\n\nDu 01/04 au 30/04.\nFermé mardi et dimanche.\nOuverture de 10h à 12h et de 14h à 17h, visites guidées uniquement.\nVisites guidées à 10h, 11h, 14h, 15h et 16h.\n\nDu 02/05 au 3", "Descriptif": "Située au coeur de l'ancienne \"carrière\", rue en provençal, la synagogue d'une très grande originalité est remarquablement conservée. La formule architecturale des synagogues du Comtat, seulement conservée à Cavaillon et Carpentras, est unique au", "Descript_1": "Située au cœur de l’ancienne carrière, classée au titre des Monuments Historiques depuis 1924, la synagogue était un élément majeur de la vie de la communauté. A la fois lieu de prières, de réunion mais aussi école, elle fut construite à la", "F18": null, "F19": null, "F20": null, "F21": null, "F22": null, "F23": null, "F24": null, "F25": null, "F26": null, "desserte": null, "layer": "nouveau site de visite", "path": "C:\\Users\\urbai\\OneDrive\\Desktop\\Docs\\Avignon Université\\Master1 GéoTer\\Mémoire\\projet qgis\\site de visite\\nouveau site de visite.dbf|layername=nouveau site de visite" }, "geometry": { "type": "Point", "coordinates": [ 5.038513, 43.837105 ] } },
{ "type": "Feature", "properties": { "Type_d_obj": "Équipement", "NB_visiteu": "320000", "Nom": "Parc Spirou Provence", "Adresse_1": "1 rue Jean-Henri Fabre", "Adresse_2": null, "Code_posta": "84170", "Commune": "Monteux", "Pays": "France", "Longitude": 4.970337, "Latitude": 44.020688, "Téléphon": null, "Téléph_1": null, "Mél": "contact@parc-spirou.com", "Tarifs_en_": "Adulte : 36 € (+ 1m40\n36 €  La journée\n90 €   Pass saison \n185 € Pass gold)\nEnfant : 30 € (Entre 1m et 1.40m\n30 €  La journée\n80 €  Pass saison \n185 € Pass gold)\nTarif réduit : 29 € (Tarif unique et préférentiel dans vos Offices de", "Période_e": "Du 06/04 au 03/11/2024.\nHoraires variables, plus d'informations sur le site internet du Parc Spirou.", "Descriptif": "Rendez-vous à Monteux pour passer une folle journée pleine de surprises. Le Parc Spirou vous attend avec ses nombreuses attractions et ses mascottes pour faire le plein de souvenirs. N’attendez plus et venez découvrir l’univers de Spirou et ses am", "Descript_1": "Plongez dans une bulle d'émotions fortes !\nAu parc à thème Parc Spirou Provence, vivez en famille une journée 100% BD, à la découverte des héros emblématiques du journal Spirou.\nPartez-en pole position dans le Spirou Racing ; \nAccompagnez Gaston", "F18": null, "F19": null, "F20": null, "F21": null, "F22": null, "F23": null, "F24": null, "F25": null, "F26": null, "desserte": null, "layer": "nouveau site de visite", "path": "C:\\Users\\urbai\\OneDrive\\Desktop\\Docs\\Avignon Université\\Master1 GéoTer\\Mémoire\\projet qgis\\site de visite\\nouveau site de visite.dbf|layername=nouveau site de visite" }, "geometry": { "type": "Point", "coordinates": [ 4.970337, 44.020688 ] } },
{ "type": "Feature", "properties": { "Type_d_obj": "Équipement", "NB_visiteu": "150000", "Nom": "Wave Island", "Adresse_1": "663 impasse de la Traverse du Ventoux", "Adresse_2": null, "Code_posta": "84170", "Commune": "Monteux", "Pays": "France", "Longitude": 4.9656, "Latitude": 44.019, "Téléphon": "04 88 84 72 17", "Téléph_1": "+33 4 88 84 72 17", "Mél": "info@waveisland.fr", "Tarifs_en_": "Adulte : 31,90 € (+ de 1m20)\nEnfant : 23 € (- de 1m20)\nTarif réduit : de 12 à 24 € (- de 1m20/+de 1m20).\n\n Gratuit pour les moins de 4 ans, les accompagnateurs guides.\n\nSunset billet (16h - 19h) : 20 €\nStage (découverte ou perfectionnement) su", "Période_e": "Du 19/06 au 01/09/2024 de 10h à 19h.\n* Selon calendrier d’ouverture sur waveisland.fr\n OUVERTURE ZONE AQUATIQUE :\n10h-19h (fermeture des attractions à partir de 18h30) tous les jours\n➢ OUVERTURE VAGUES ARTIFICIELLES :\n10h-19h tous les jours pour le", "Descriptif": "WAVE ISLAND, LE PARC AQUATIQUE 100% GLISSE EN PROVENCE\nEmbarquez pour WAVE ISLAND, le Parc Aquatique 100% Glisse au cœur de la Provence à Monteux et à seulement 10 minutes\nd’Avignon.", "Descript_1": "Partez à la découverte, en famille ou entre amis, de près de 5 hectares d’aventures dont 33 attractions et activités\naquatiques et ludiques adaptées à tous les âges. Wave Island c’est aussi : 2 Vagues artificielles de surf, bodyboard et flowbo", "F18": null, "F19": null, "F20": null, "F21": null, "F22": null, "F23": null, "F24": null, "F25": null, "F26": null, "desserte": null, "layer": "nouveau site de visite", "path": "C:\\Users\\urbai\\OneDrive\\Desktop\\Docs\\Avignon Université\\Master1 GéoTer\\Mémoire\\projet qgis\\site de visite\\nouveau site de visite.dbf|layername=nouveau site de visite" }, "geometry": { "type": "Point", "coordinates": [ 4.9656, 44.019 ] } },
{ "type": "Feature", "properties": { "Type_d_obj": "Patrimoine culturel", "NB_visiteu": "31536", "Nom": "Forteresse de Mornas", "Adresse_1": "Forteresse", "Adresse_2": "Haut du village", "Code_posta": "84550", "Commune": "Mornas", "Pays": "France", "Longitude": 4.729007, "Latitude": 44.20602, "Téléphon": "04 90 37 91 28", "Téléph_1": "+33 4 90 37 91 28", "Mél": "forteresse@mairie-mornas.fr", "Tarifs_en_": "Adulte : de 8 à 12 € (Visite simple 8 €\nVisite animée 12 €)\nEnfant  : de 6 à 10 € (Visite simple 6 €\nVisite animée 10 €)\nGroupe adultes : de 7 à 11 € (Visite simple 7€ \nVisite animée 11€)\nGroupe enfants  : de 5 à 9 € (Visite si", "Période_e": "Du 01/04 au 03/11 \nOuverture tous les jours de 10h à 17h30.\nVisites simples : \ndu 1er Avril au 7 juillet et du 1er septembre au 5 novembre : tous les jours\nvendredi en juillet et août\nde 10h à 17h30 (du 01/10 au 05/11 de 11h à 17h30) fermé de 13h à", "Descriptif": "Viendez et poussez l'huis de la forteresse de Mornas. Moult dames et seigneurs vous conteront de façon originale, ludique, interactive, les us et coutumes du Moyen Age !", "Descript_1": "La Forteresse de Mornas Reine de La Vallée Rhône, \n \nLa Forteresse de Mornas Fièrement posée au sommet d’une falaise de 137 mètres de haut était à l’origine un véritable bastion de défense militaire. Occupé depuis l’époque antique, ce si", "F18": null, "F19": null, "F20": null, "F21": null, "F22": null, "F23": null, "F24": null, "F25": null, "F26": null, "desserte": null, "layer": "nouveau site de visite", "path": "C:\\Users\\urbai\\OneDrive\\Desktop\\Docs\\Avignon Université\\Master1 GéoTer\\Mémoire\\projet qgis\\site de visite\\nouveau site de visite.dbf|layername=nouveau site de visite" }, "geometry": { "type": "Point", "coordinates": [ 4.729007, 44.20602 ] } },
{ "type": "Feature", "properties": { "Type_d_obj": "Patrimoine culturel", "NB_visiteu": "102970", "Nom": "Fort Saint-André + Chartreuse + collégiale + tour philippe le Bel + musée pierre de Luxembourg", "Adresse_1": "Fort Saint-André Centre des monuments nationaux", "Adresse_2": "57A, rue Montée du Fort", "Code_posta": "30400", "Commune": "Villeneuve-lez-Avignon", "Pays": "France", "Longitude": 4.800468, "Latitude": 43.96567, "Téléphon": "04 90 25 45 35", "Téléph_1": "+33 4 90 25 45 35", "Mél": "lefort-saint-andre@monuments-nationaux.fr", "Tarifs_en_": "Plein tarif : 7 €\nGroupe adultes : 5,50 € (à partir de 20 adultes payants).\n\n\nPass 5 Monuments Villeneuve lez Avignon : 20 €. \nGRATUITE POUR LES :\nMoins de 18 ans \n18-25 ans (ressortissants des pays de l’Union Européenne et résidents régulier", "Période_e": "Toute l'année, tous les jours.\nFermetures exceptionnelles les 1er janvier, 1er mai, 1er novembre, 11 novembre et 25 décembre.\nDe octobre à mai : 10h - 13h et 14h - 17h.\nDe juin à septembre : 10h - 13h et 14h - 18h.", "Descriptif": "Monument national, le fort Saint-André fut construit pour affirmer la puissance du royaume de France face à la papauté installée à Avignon. Il constitue un ensemble significatif de l’architecture militaire française du XIVe siècle.", "Descript_1": "Dominant toute la ville, avec un panorama unique donnant sur la vallée du Rhône et la Provence, c’est un site exceptionnel.\n\nLa position stratégique du Fort Saint-André permet, depuis son chemin de ronde, de profiter d’un panorama à 360° sur le", "F18": null, "F19": null, "F20": null, "F21": null, "F22": null, "F23": null, "F24": null, "F25": null, "F26": null, "desserte": null, "layer": "nouveau site de visite", "path": "C:\\Users\\urbai\\OneDrive\\Desktop\\Docs\\Avignon Université\\Master1 GéoTer\\Mémoire\\projet qgis\\site de visite\\nouveau site de visite.dbf|layername=nouveau site de visite" }, "geometry": { "type": "Point", "coordinates": [ 4.800468, 43.96567 ] } },
{ "type": "Feature", "properties": { "Type_d_obj": "Patrimoine culturel", "NB_visiteu": "0", "Nom": "Parc et Jardin du Château de Brantes", "Adresse_1": "157 chemin de Brantes", "Adresse_2": null, "Code_posta": "84700", "Commune": "Sorgues", "Pays": "France", "Longitude": 4.877066, "Latitude": 43.999876, "Téléphon": null, "Téléph_1": null, "Mél": null, "Tarifs_en_": null, "Période_e": null, "Descriptif": null, "Descript_1": null, "F18": null, "F19": null, "F20": null, "F21": null, "F22": null, "F23": null, "F24": null, "F25": null, "F26": null, "desserte": null, "layer": "nouveau site de visite", "path": "C:\\Users\\urbai\\OneDrive\\Desktop\\Docs\\Avignon Université\\Master1 GéoTer\\Mémoire\\projet qgis\\site de visite\\nouveau site de visite.dbf|layername=nouveau site de visite" }, "geometry": { "type": "Point", "coordinates": [ 4.877066, 43.999876 ] } },
{ "type": "Feature", "properties": { "Type_d_obj": "Patrimoine culturel", "NB_visiteu": "0", "Nom": "Hôtel d'Agar : Un palais dans le Luberon", "Adresse_1": "65 place Philippe Cabassole", "Adresse_2": null, "Code_posta": "84300", "Commune": "Cavaillon", "Pays": "France", "Longitude": 5.035933, "Latitude": 43.835437, "Téléphon": null, "Téléph_1": null, "Mél": null, "Tarifs_en_": null, "Période_e": null, "Descriptif": null, "Descript_1": null, "F18": null, "F19": null, "F20": null, "F21": null, "F22": null, "F23": null, "F24": null, "F25": null, "F26": null, "desserte": null, "layer": "nouveau site de visite", "path": "C:\\Users\\urbai\\OneDrive\\Desktop\\Docs\\Avignon Université\\Master1 GéoTer\\Mémoire\\projet qgis\\site de visite\\nouveau site de visite.dbf|layername=nouveau site de visite" }, "geometry": { "type": "Point", "coordinates": [ 5.035933, 43.835437 ] } },
{ "type": "Feature", "properties": { "Type_d_obj": "Patrimoine culturel", "NB_visiteu": "0", "Nom": "Bibliothèque-musée - L'Inguimbertine à l'Hôtel-Dieu", "Adresse_1": "Place Aristide Briand", "Adresse_2": null, "Code_posta": "84200", "Commune": "Carpentras", "Pays": "France", "Longitude": 5.048095, "Latitude": 44.051517, "Téléphon": null, "Téléph_1": null, "Mél": null, "Tarifs_en_": null, "Période_e": null, "Descriptif": null, "Descript_1": null, "F18": null, "F19": null, "F20": null, "F21": null, "F22": null, "F23": null, "F24": null, "F25": null, "F26": null, "desserte": null, "layer": "nouveau site de visite", "path": "C:\\Users\\urbai\\OneDrive\\Desktop\\Docs\\Avignon Université\\Master1 GéoTer\\Mémoire\\projet qgis\\site de visite\\nouveau site de visite.dbf|layername=nouveau site de visite" }, "geometry": { "type": "Point", "coordinates": [ 5.048095, 44.051517 ] } },
{ "type": "Feature", "properties": { "Type_d_obj": "Patrimoine culturel", "NB_visiteu": "0", "Nom": "La Synagogue de Carpentras", "Adresse_1": "Place Maurice Charretier", "Adresse_2": null, "Code_posta": "84200", "Commune": "Carpentras", "Pays": "France", "Longitude": 5.04865, "Latitude": 44.05525, "Téléphon": null, "Téléph_1": null, "Mél": null, "Tarifs_en_": null, "Période_e": null, "Descriptif": null, "Descript_1": null, "F18": null, "F19": null, "F20": null, "F21": null, "F22": null, "F23": null, "F24": null, "F25": null, "F26": null, "desserte": null, "layer": "nouveau site de visite", "path": "C:\\Users\\urbai\\OneDrive\\Desktop\\Docs\\Avignon Université\\Master1 GéoTer\\Mémoire\\projet qgis\\site de visite\\nouveau site de visite.dbf|layername=nouveau site de visite" }, "geometry": { "type": "Point", "coordinates": [ 5.04865, 44.05525 ] } },
{ "type": "Feature", "properties": { "Type_d_obj": "Patrimoine culturel", "NB_visiteu": "0", "Nom": "Musée Géologique", "Adresse_1": "Centre culturel de Mormoiron", "Adresse_2": "73 Rue de la Mairie", "Code_posta": "84570", "Commune": "Mormoiron", "Pays": "France", "Longitude": 5.184334, "Latitude": 44.067964, "Téléphon": null, "Téléph_1": null, "Mél": null, "Tarifs_en_": null, "Période_e": null, "Descriptif": null, "Descript_1": null, "F18": null, "F19": null, "F20": null, "F21": null, "F22": null, "F23": null, "F24": null, "F25": null, "F26": null, "desserte": null, "layer": "nouveau site de visite", "path": "C:\\Users\\urbai\\OneDrive\\Desktop\\Docs\\Avignon Université\\Master1 GéoTer\\Mémoire\\projet qgis\\site de visite\\nouveau site de visite.dbf|layername=nouveau site de visite" }, "geometry": { "type": "Point", "coordinates": [ 5.184334, 44.067964 ] } },
{ "type": "Feature", "properties": { "Type_d_obj": "Patrimoine culturel", "NB_visiteu": "0", "Nom": "Château d'Ansouis", "Adresse_1": "Château d'Ansouis", "Adresse_2": "Rue du Cartel", "Code_posta": "84240", "Commune": "Ansouis", "Pays": "France", "Longitude": 5.46401, "Latitude": 43.738285, "Téléphon": null, "Téléph_1": null, "Mél": null, "Tarifs_en_": null, "Période_e": null, "Descriptif": null, "Descript_1": null, "F18": null, "F19": null, "F20": null, "F21": null, "F22": null, "F23": null, "F24": null, "F25": null, "F26": null, "desserte": null, "layer": "nouveau site de visite", "path": "C:\\Users\\urbai\\OneDrive\\Desktop\\Docs\\Avignon Université\\Master1 GéoTer\\Mémoire\\projet qgis\\site de visite\\nouveau site de visite.dbf|layername=nouveau site de visite" }, "geometry": { "type": "Point", "coordinates": [ 5.46401, 43.738285 ] } },
{ "type": "Feature", "properties": { "Type_d_obj": "Patrimoine culturel", "NB_visiteu": "0", "Nom": "Musée des Faïences", "Adresse_1": "Le Château", "Adresse_2": "BP 16", "Code_posta": "84240", "Commune": "La Tour-d'Aigues", "Pays": "France", "Longitude": 5.548023, "Latitude": 43.725239, "Téléphon": null, "Téléph_1": null, "Mél": null, "Tarifs_en_": null, "Période_e": null, "Descriptif": null, "Descript_1": null, "F18": null, "F19": null, "F20": null, "F21": null, "F22": null, "F23": null, "F24": null, "F25": null, "F26": null, "desserte": null, "layer": "nouveau site de visite", "path": "C:\\Users\\urbai\\OneDrive\\Desktop\\Docs\\Avignon Université\\Master1 GéoTer\\Mémoire\\projet qgis\\site de visite\\nouveau site de visite.dbf|layername=nouveau site de visite" }, "geometry": { "type": "Point", "coordinates": [ 5.548023, 43.725239 ] } },
{ "type": "Feature", "properties": { "Type_d_obj": "Patrimoine culturel", "NB_visiteu": "0", "Nom": "La Filaventure, boutique et musée sensoriel de la Manufacture Brun de Vian-Tiran", "Adresse_1": "Avenue de la Libération", "Adresse_2": null, "Code_posta": "84800", "Commune": "L'Isle-sur-la-Sorgue", "Pays": "France", "Longitude": 5.05017, "Latitude": 43.917756, "Téléphon": null, "Téléph_1": null, "Mél": null, "Tarifs_en_": null, "Période_e": null, "Descriptif": null, "Descript_1": null, "F18": null, "F19": null, "F20": null, "F21": null, "F22": null, "F23": null, "F24": null, "F25": null, "F26": null, "desserte": null, "layer": "nouveau site de visite", "path": "C:\\Users\\urbai\\OneDrive\\Desktop\\Docs\\Avignon Université\\Master1 GéoTer\\Mémoire\\projet qgis\\site de visite\\nouveau site de visite.dbf|layername=nouveau site de visite" }, "geometry": { "type": "Point", "coordinates": [ 5.05017, 43.917756 ] } },
{ "type": "Feature", "properties": { "Type_d_obj": "Patrimoine culturel", "NB_visiteu": "0", "Nom": "Le parc archéologique de Vaison-la-Romaine", "Adresse_1": "Rue Burrus", "Adresse_2": null, "Code_posta": "84110", "Commune": "Vaison-la-Romaine", "Pays": "France", "Longitude": 5.07358, "Latitude": 44.242136, "Téléphon": null, "Téléph_1": null, "Mél": null, "Tarifs_en_": null, "Période_e": null, "Descriptif": null, "Descript_1": null, "F18": null, "F19": null, "F20": null, "F21": null, "F22": null, "F23": null, "F24": null, "F25": null, "F26": null, "desserte": null, "layer": "nouveau site de visite", "path": "C:\\Users\\urbai\\OneDrive\\Desktop\\Docs\\Avignon Université\\Master1 GéoTer\\Mémoire\\projet qgis\\site de visite\\nouveau site de visite.dbf|layername=nouveau site de visite" }, "geometry": { "type": "Point", "coordinates": [ 5.07358, 44.242136 ] } },
{ "type": "Feature", "properties": { "Type_d_obj": "Patrimoine culturel", "NB_visiteu": "0", "Nom": "Musée d'Art et d'Histoire", "Adresse_1": "Rue Madeleine Roch", "Adresse_2": null, "Code_posta": "84100", "Commune": "Orange", "Pays": "France", "Longitude": 4.807779, "Latitude": 44.136109, "Téléphon": null, "Téléph_1": null, "Mél": null, "Tarifs_en_": null, "Période_e": null, "Descriptif": null, "Descript_1": null, "F18": null, "F19": null, "F20": null, "F21": null, "F22": null, "F23": null, "F24": null, "F25": null, "F26": null, "desserte": null, "layer": "nouveau site de visite", "path": "C:\\Users\\urbai\\OneDrive\\Desktop\\Docs\\Avignon Université\\Master1 GéoTer\\Mémoire\\projet qgis\\site de visite\\nouveau site de visite.dbf|layername=nouveau site de visite" }, "geometry": { "type": "Point", "coordinates": [ 4.807779, 44.136109 ] } },
{ "type": "Feature", "properties": { "Type_d_obj": "Patrimoine culturel", "NB_visiteu": "0", "Nom": "Musée Archéologique de l'Hôtel Dieu", "Adresse_1": "Place Jean Bastide", "Adresse_2": "Porte d'Avignon", "Code_posta": "84300", "Commune": "Cavaillon", "Pays": "France", "Longitude": 5.037832, "Latitude": 43.838842, "Téléphon": null, "Téléph_1": null, "Mél": null, "Tarifs_en_": null, "Période_e": null, "Descriptif": null, "Descript_1": null, "F18": null, "F19": null, "F20": null, "F21": null, "F22": null, "F23": null, "F24": null, "F25": null, "F26": null, "desserte": null, "layer": "nouveau site de visite", "path": "C:\\Users\\urbai\\OneDrive\\Desktop\\Docs\\Avignon Université\\Master1 GéoTer\\Mémoire\\projet qgis\\site de visite\\nouveau site de visite.dbf|layername=nouveau site de visite" }, "geometry": { "type": "Point", "coordinates": [ 5.037832, 43.838842 ] } },
{ "type": "Feature", "properties": { "Type_d_obj": "Patrimoine culturel", "NB_visiteu": "0", "Nom": "Les jardins remarquables de l'Abbaye Saint-André", "Adresse_1": "Abbaye Saint-André - Fort Saint-André", "Adresse_2": "Montée du Fort", "Code_posta": "30400", "Commune": "Villeneuve-lez-Avignon", "Pays": "France", "Longitude": 4.80104, "Latitude": 43.966086, "Téléphon": null, "Téléph_1": null, "Mél": null, "Tarifs_en_": null, "Période_e": null, "Descriptif": null, "Descript_1": null, "F18": null, "F19": null, "F20": null, "F21": null, "F22": null, "F23": null, "F24": null, "F25": null, "F26": null, "desserte": null, "layer": "nouveau site de visite", "path": "C:\\Users\\urbai\\OneDrive\\Desktop\\Docs\\Avignon Université\\Master1 GéoTer\\Mémoire\\projet qgis\\site de visite\\nouveau site de visite.dbf|layername=nouveau site de visite" }, "geometry": { "type": "Point", "coordinates": [ 4.80104, 43.966086 ] } },
{ "type": "Feature", "properties": { "Type_d_obj": "Patrimoine culturel", "NB_visiteu": "0", "Nom": "Église Notre-Dame et Saint-Véran - Ancienne cathédrale", "Adresse_1": "Place Joseph d'Arbaud", "Adresse_2": null, "Code_posta": "84300", "Commune": "Cavaillon", "Pays": "France", "Longitude": 5.036056, "Latitude": 43.836324, "Téléphon": null, "Téléph_1": null, "Mél": null, "Tarifs_en_": null, "Période_e": null, "Descriptif": null, "Descript_1": null, "F18": null, "F19": null, "F20": null, "F21": null, "F22": null, "F23": null, "F24": null, "F25": null, "F26": null, "desserte": null, "layer": "nouveau site de visite", "path": "C:\\Users\\urbai\\OneDrive\\Desktop\\Docs\\Avignon Université\\Master1 GéoTer\\Mémoire\\projet qgis\\site de visite\\nouveau site de visite.dbf|layername=nouveau site de visite" }, "geometry": { "type": "Point", "coordinates": [ 5.036056, 43.836324 ] } },
{ "type": "Feature", "properties": { "Type_d_obj": "Patrimoine culturel", "NB_visiteu": "0", "Nom": "Musée Comtadin du Cycle", "Adresse_1": "Hôtel de Cheylus", "Adresse_2": "23 place de la Juiverie", "Code_posta": "84210", "Commune": "Pernes-les-Fontaines", "Pays": "France", "Longitude": 5.060877, "Latitude": 43.99821, "Téléphon": null, "Téléph_1": null, "Mél": null, "Tarifs_en_": null, "Période_e": null, "Descriptif": null, "Descript_1": null, "F18": null, "F19": null, "F20": null, "F21": null, "F22": null, "F23": null, "F24": null, "F25": null, "F26": null, "desserte": null, "layer": "nouveau site de visite", "path": "C:\\Users\\urbai\\OneDrive\\Desktop\\Docs\\Avignon Université\\Master1 GéoTer\\Mémoire\\projet qgis\\site de visite\\nouveau site de visite.dbf|layername=nouveau site de visite" }, "geometry": { "type": "Point", "coordinates": [ 5.060877, 43.99821 ] } },
{ "type": "Feature", "properties": { "Type_d_obj": "Patrimoine culturel", "NB_visiteu": "0", "Nom": "Le Château de Gordes", "Adresse_1": "Place Genty Pantaly", "Adresse_2": null, "Code_posta": "84220", "Commune": "Gordes", "Pays": "France", "Longitude": 5.199833, "Latitude": 43.910922, "Téléphon": null, "Téléph_1": null, "Mél": null, "Tarifs_en_": null, "Période_e": null, "Descriptif": null, "Descript_1": null, "F18": null, "F19": null, "F20": null, "F21": null, "F22": null, "F23": null, "F24": null, "F25": null, "F26": null, "desserte": null, "layer": "nouveau site de visite", "path": "C:\\Users\\urbai\\OneDrive\\Desktop\\Docs\\Avignon Université\\Master1 GéoTer\\Mémoire\\projet qgis\\site de visite\\nouveau site de visite.dbf|layername=nouveau site de visite" }, "geometry": { "type": "Point", "coordinates": [ 5.199833, 43.910922 ] } },
{ "type": "Feature", "properties": { "Type_d_obj": "Patrimoine culturel", "NB_visiteu": "0", "Nom": "Caves du Palais Saint-Firmin", "Adresse_1": "Rue du Belvédère", "Adresse_2": null, "Code_posta": "84220", "Commune": "Gordes", "Pays": "France", "Longitude": 5.200319, "Latitude": 43.910323, "Téléphon": null, "Téléph_1": null, "Mél": null, "Tarifs_en_": null, "Période_e": null, "Descriptif": null, "Descript_1": null, "F18": null, "F19": null, "F20": null, "F21": null, "F22": null, "F23": null, "F24": null, "F25": null, "F26": null, "desserte": null, "layer": "nouveau site de visite", "path": "C:\\Users\\urbai\\OneDrive\\Desktop\\Docs\\Avignon Université\\Master1 GéoTer\\Mémoire\\projet qgis\\site de visite\\nouveau site de visite.dbf|layername=nouveau site de visite" }, "geometry": { "type": "Point", "coordinates": [ 5.200319, 43.910323 ] } },
{ "type": "Feature", "properties": { "Type_d_obj": "Patrimoine culturel", "NB_visiteu": "0", "Nom": "Château de Simiane", "Adresse_1": "8 Place Aristide Briand", "Adresse_2": null, "Code_posta": "84600", "Commune": "Valréas", "Pays": "France", "Longitude": 4.990025, "Latitude": 44.383471, "Téléphon": null, "Téléph_1": null, "Mél": null, "Tarifs_en_": null, "Période_e": null, "Descriptif": null, "Descript_1": null, "F18": null, "F19": null, "F20": null, "F21": null, "F22": null, "F23": null, "F24": null, "F25": null, "F26": null, "desserte": null, "layer": "nouveau site de visite", "path": "C:\\Users\\urbai\\OneDrive\\Desktop\\Docs\\Avignon Université\\Master1 GéoTer\\Mémoire\\projet qgis\\site de visite\\nouveau site de visite.dbf|layername=nouveau site de visite" }, "geometry": { "type": "Point", "coordinates": [ 4.990025, 44.383471 ] } },
{ "type": "Feature", "properties": { "Type_d_obj": "Patrimoine culturel", "NB_visiteu": "0", "Nom": "Musée Pierre-de-Luxembourg", "Adresse_1": "3 rue de la République", "Adresse_2": null, "Code_posta": "30400", "Commune": "Villeneuve-lez-Avignon", "Pays": "France", "Longitude": 4.796798, "Latitude": 43.963782, "Téléphon": null, "Téléph_1": null, "Mél": null, "Tarifs_en_": null, "Période_e": null, "Descriptif": null, "Descript_1": null, "F18": null, "F19": null, "F20": null, "F21": null, "F22": null, "F23": null, "F24": null, "F25": null, "F26": null, "desserte": null, "layer": "nouveau site de visite", "path": "C:\\Users\\urbai\\OneDrive\\Desktop\\Docs\\Avignon Université\\Master1 GéoTer\\Mémoire\\projet qgis\\site de visite\\nouveau site de visite.dbf|layername=nouveau site de visite" }, "geometry": { "type": "Point", "coordinates": [ 4.796798, 43.963782 ] } },
{ "type": "Feature", "properties": { "Type_d_obj": "Patrimoine culturel", "NB_visiteu": "0", "Nom": "Musée du Cartonnage et de l'Imprimerie", "Adresse_1": "3 avenue Maréchal Foch", "Adresse_2": null, "Code_posta": "84600", "Commune": "Valréas", "Pays": "France", "Longitude": 4.98746, "Latitude": 44.382666, "Téléphon": null, "Téléph_1": null, "Mél": null, "Tarifs_en_": null, "Période_e": null, "Descriptif": null, "Descript_1": null, "F18": null, "F19": null, "F20": null, "F21": null, "F22": null, "F23": null, "F24": null, "F25": null, "F26": null, "desserte": null, "layer": "nouveau site de visite", "path": "C:\\Users\\urbai\\OneDrive\\Desktop\\Docs\\Avignon Université\\Master1 GéoTer\\Mémoire\\projet qgis\\site de visite\\nouveau site de visite.dbf|layername=nouveau site de visite" }, "geometry": { "type": "Point", "coordinates": [ 4.98746, 44.382666 ] } },
{ "type": "Feature", "properties": { "Type_d_obj": "Patrimoine culturel", "NB_visiteu": "0", "Nom": "Arc de Triomphe", "Adresse_1": "Avenue de l'Arc de Triomphe", "Adresse_2": null, "Code_posta": "84100", "Commune": "Orange", "Pays": "France", "Longitude": 4.804749, "Latitude": 44.142202, "Téléphon": null, "Téléph_1": null, "Mél": null, "Tarifs_en_": null, "Période_e": null, "Descriptif": null, "Descript_1": null, "F18": null, "F19": null, "F20": null, "F21": null, "F22": null, "F23": null, "F24": null, "F25": null, "F26": null, "desserte": null, "layer": "nouveau site de visite", "path": "C:\\Users\\urbai\\OneDrive\\Desktop\\Docs\\Avignon Université\\Master1 GéoTer\\Mémoire\\projet qgis\\site de visite\\nouveau site de visite.dbf|layername=nouveau site de visite" }, "geometry": { "type": "Point", "coordinates": [ 4.804749, 44.142202 ] } },
{ "type": "Feature", "properties": { "Type_d_obj": "Patrimoine culturel", "NB_visiteu": "0", "Nom": "Musée du Vin - Maison Brotte", "Adresse_1": "Avenue Pierre de Luxembourg", "Adresse_2": null, "Code_posta": "84230", "Commune": "Châteauneuf-du-Pape", "Pays": "France", "Longitude": 4.834702, "Latitude": 44.054045, "Téléphon": null, "Téléph_1": null, "Mél": null, "Tarifs_en_": null, "Période_e": null, "Descriptif": null, "Descript_1": null, "F18": null, "F19": null, "F20": null, "F21": null, "F22": null, "F23": null, "F24": null, "F25": null, "F26": null, "desserte": null, "layer": "nouveau site de visite", "path": "C:\\Users\\urbai\\OneDrive\\Desktop\\Docs\\Avignon Université\\Master1 GéoTer\\Mémoire\\projet qgis\\site de visite\\nouveau site de visite.dbf|layername=nouveau site de visite" }, "geometry": { "type": "Point", "coordinates": [ 4.834702, 44.054045 ] } },
{ "type": "Feature", "properties": { "Type_d_obj": "Patrimoine culturel", "NB_visiteu": "0", "Nom": "Musée Extraordinaire", "Adresse_1": "Rue du vieux Moulin", "Adresse_2": null, "Code_posta": "84240", "Commune": "Ansouis", "Pays": "France", "Longitude": 5.462831, "Latitude": 43.737154, "Téléphon": null, "Téléph_1": null, "Mél": null, "Tarifs_en_": null, "Période_e": null, "Descriptif": null, "Descript_1": null, "F18": null, "F19": null, "F20": null, "F21": null, "F22": null, "F23": null, "F24": null, "F25": null, "F26": null, "desserte": null, "layer": "nouveau site de visite", "path": "C:\\Users\\urbai\\OneDrive\\Desktop\\Docs\\Avignon Université\\Master1 GéoTer\\Mémoire\\projet qgis\\site de visite\\nouveau site de visite.dbf|layername=nouveau site de visite" }, "geometry": { "type": "Point", "coordinates": [ 5.462831, 43.737154 ] } },
{ "type": "Feature", "properties": { "Type_d_obj": "Patrimoine culturel", "NB_visiteu": "0", "Nom": "Collection Lambert", "Adresse_1": "5 rue Violette", "Adresse_2": null, "Code_posta": "84000", "Commune": "Avignon", "Pays": "France", "Longitude": 4.804129, "Latitude": 43.944713, "Téléphon": null, "Téléph_1": null, "Mél": null, "Tarifs_en_": null, "Période_e": null, "Descriptif": null, "Descript_1": null, "F18": null, "F19": null, "F20": null, "F21": null, "F22": null, "F23": null, "F24": null, "F25": null, "F26": null, "desserte": null, "layer": "nouveau site de visite", "path": "C:\\Users\\urbai\\OneDrive\\Desktop\\Docs\\Avignon Université\\Master1 GéoTer\\Mémoire\\projet qgis\\site de visite\\nouveau site de visite.dbf|layername=nouveau site de visite" }, "geometry": { "type": "Point", "coordinates": [ 4.804129, 43.944713 ] } },
{ "type": "Feature", "properties": { "Type_d_obj": "Patrimoine culturel", "NB_visiteu": "0", "Nom": "Musée du Petit Palais – Louvre en Avignon", "Adresse_1": "Place du Palais des Papes", "Adresse_2": null, "Code_posta": "84000", "Commune": "Avignon", "Pays": "France", "Longitude": 4.806353, "Latitude": 43.952655, "Téléphon": null, "Téléph_1": null, "Mél": null, "Tarifs_en_": null, "Période_e": null, "Descriptif": null, "Descript_1": null, "F18": null, "F19": null, "F20": null, "F21": null, "F22": null, "F23": null, "F24": null, "F25": null, "F26": null, "desserte": null, "layer": "nouveau site de visite", "path": "C:\\Users\\urbai\\OneDrive\\Desktop\\Docs\\Avignon Université\\Master1 GéoTer\\Mémoire\\projet qgis\\site de visite\\nouveau site de visite.dbf|layername=nouveau site de visite" }, "geometry": { "type": "Point", "coordinates": [ 4.806353, 43.952655 ] } },
{ "type": "Feature", "properties": { "Type_d_obj": "Patrimoine culturel", "NB_visiteu": "0", "Nom": "Campredon art & image", "Adresse_1": "20 Rue du Docteur Tallet", "Adresse_2": "Entrée Rue Molière", "Code_posta": "84800", "Commune": "L'Isle-sur-la-Sorgue", "Pays": "France", "Longitude": 5.052331, "Latitude": 43.9209, "Téléphon": null, "Téléph_1": null, "Mél": null, "Tarifs_en_": null, "Période_e": null, "Descriptif": null, "Descript_1": null, "F18": null, "F19": null, "F20": null, "F21": null, "F22": null, "F23": null, "F24": null, "F25": null, "F26": null, "desserte": null, "layer": "nouveau site de visite", "path": "C:\\Users\\urbai\\OneDrive\\Desktop\\Docs\\Avignon Université\\Master1 GéoTer\\Mémoire\\projet qgis\\site de visite\\nouveau site de visite.dbf|layername=nouveau site de visite" }, "geometry": { "type": "Point", "coordinates": [ 5.052331, 43.9209 ] } },
{ "type": "Feature", "properties": { "Type_d_obj": "Patrimoine culturel", "NB_visiteu": "0", "Nom": "Musée Calvet", "Adresse_1": "65 rue Joseph Vernet", "Adresse_2": null, "Code_posta": "84000", "Commune": "Avignon", "Pays": "France", "Longitude": 4.803364, "Latitude": 43.9469, "Téléphon": null, "Téléph_1": null, "Mél": null, "Tarifs_en_": null, "Période_e": null, "Descriptif": null, "Descript_1": null, "F18": null, "F19": null, "F20": null, "F21": null, "F22": null, "F23": null, "F24": null, "F25": null, "F26": null, "desserte": null, "layer": "nouveau site de visite", "path": "C:\\Users\\urbai\\OneDrive\\Desktop\\Docs\\Avignon Université\\Master1 GéoTer\\Mémoire\\projet qgis\\site de visite\\nouveau site de visite.dbf|layername=nouveau site de visite" }, "geometry": { "type": "Point", "coordinates": [ 4.803364, 43.9469 ] } },
{ "type": "Feature", "properties": { "Type_d_obj": "Patrimoine culturel", "NB_visiteu": "0", "Nom": "Collection Louis Gauthier", "Adresse_1": "Collection Louis Gauthier - Espace Culturel", "Adresse_2": "Place Max Aubert", "Code_posta": "84290", "Commune": "Sainte-Cécile-les-Vignes", "Pays": "France", "Longitude": 4.886222, "Latitude": 44.24513, "Téléphon": null, "Téléph_1": null, "Mél": null, "Tarifs_en_": null, "Période_e": null, "Descriptif": null, "Descript_1": null, "F18": null, "F19": null, "F20": null, "F21": null, "F22": null, "F23": null, "F24": null, "F25": null, "F26": null, "desserte": null, "layer": "nouveau site de visite", "path": "C:\\Users\\urbai\\OneDrive\\Desktop\\Docs\\Avignon Université\\Master1 GéoTer\\Mémoire\\projet qgis\\site de visite\\nouveau site de visite.dbf|layername=nouveau site de visite" }, "geometry": { "type": "Point", "coordinates": [ 4.886222, 44.24513 ] } },
{ "type": "Feature", "properties": { "Type_d_obj": "Patrimoine culturel", "NB_visiteu": "0", "Nom": "Musée Angladon - Collection Jacques Doucet", "Adresse_1": "5, rue Laboureur", "Adresse_2": null, "Code_posta": "84000", "Commune": "Avignon", "Pays": "France", "Longitude": 4.806951, "Latitude": 43.94614, "Téléphon": null, "Téléph_1": null, "Mél": null, "Tarifs_en_": null, "Période_e": null, "Descriptif": null, "Descript_1": null, "F18": null, "F19": null, "F20": null, "F21": null, "F22": null, "F23": null, "F24": null, "F25": null, "F26": null, "desserte": null, "layer": "nouveau site de visite", "path": "C:\\Users\\urbai\\OneDrive\\Desktop\\Docs\\Avignon Université\\Master1 GéoTer\\Mémoire\\projet qgis\\site de visite\\nouveau site de visite.dbf|layername=nouveau site de visite" }, "geometry": { "type": "Point", "coordinates": [ 4.806951, 43.94614 ] } },
{ "type": "Feature", "properties": { "Type_d_obj": "Patrimoine culturel", "NB_visiteu": "0", "Nom": "Jardin Conservatoire des plantes tinctoriales", "Adresse_1": "Maison Aubert", "Adresse_2": "La Calade", "Code_posta": "84360", "Commune": "Lauris", "Pays": "France", "Longitude": 5.312588, "Latitude": 43.74565, "Téléphon": null, "Téléph_1": null, "Mél": null, "Tarifs_en_": null, "Période_e": null, "Descriptif": null, "Descript_1": null, "F18": null, "F19": null, "F20": null, "F21": null, "F22": null, "F23": null, "F24": null, "F25": null, "F26": null, "desserte": null, "layer": "nouveau site de visite", "path": "C:\\Users\\urbai\\OneDrive\\Desktop\\Docs\\Avignon Université\\Master1 GéoTer\\Mémoire\\projet qgis\\site de visite\\nouveau site de visite.dbf|layername=nouveau site de visite" }, "geometry": { "type": "Point", "coordinates": [ 5.312588, 43.74565 ] } },
{ "type": "Feature", "properties": { "Type_d_obj": "Patrimoine culturel", "NB_visiteu": "0", "Nom": "La Chartreuse - Centre national des écritures du spectacle", "Adresse_1": "58 rue de la République", "Adresse_2": null, "Code_posta": "30400", "Commune": "Villeneuve-lez-Avignon", "Pays": "France", "Longitude": 4.796298, "Latitude": 43.965999, "Téléphon": null, "Téléph_1": null, "Mél": null, "Tarifs_en_": null, "Période_e": null, "Descriptif": null, "Descript_1": null, "F18": null, "F19": null, "F20": null, "F21": null, "F22": null, "F23": null, "F24": null, "F25": null, "F26": null, "desserte": null, "layer": "nouveau site de visite", "path": "C:\\Users\\urbai\\OneDrive\\Desktop\\Docs\\Avignon Université\\Master1 GéoTer\\Mémoire\\projet qgis\\site de visite\\nouveau site de visite.dbf|layername=nouveau site de visite" }, "geometry": { "type": "Point", "coordinates": [ 4.796298, 43.965999 ] } },
{ "type": "Feature", "properties": { "Type_d_obj": "Patrimoine culturel", "NB_visiteu": "0", "Nom": "Museum Requien - Musée d'Histoire Naturelle", "Adresse_1": "67 rue Joseph Vernet", "Adresse_2": null, "Code_posta": "84000", "Commune": "Avignon", "Pays": "France", "Longitude": 4.803387, "Latitude": 43.94664, "Téléphon": null, "Téléph_1": null, "Mél": null, "Tarifs_en_": null, "Période_e": null, "Descriptif": null, "Descript_1": null, "F18": null, "F19": null, "F20": null, "F21": null, "F22": null, "F23": null, "F24": null, "F25": null, "F26": null, "desserte": null, "layer": "nouveau site de visite", "path": "C:\\Users\\urbai\\OneDrive\\Desktop\\Docs\\Avignon Université\\Master1 GéoTer\\Mémoire\\projet qgis\\site de visite\\nouveau site de visite.dbf|layername=nouveau site de visite" }, "geometry": { "type": "Point", "coordinates": [ 4.803387, 43.94664 ] } },
{ "type": "Feature", "properties": { "Type_d_obj": "Patrimoine culturel", "NB_visiteu": "0", "Nom": "La Muse - Musée Vaudois", "Adresse_1": "Rue de la Muse", "Adresse_2": null, "Code_posta": "84360", "Commune": "Mérindol", "Pays": "France", "Longitude": 5.201149, "Latitude": 43.75632, "Téléphon": null, "Téléph_1": null, "Mél": null, "Tarifs_en_": null, "Période_e": null, "Descriptif": null, "Descript_1": null, "F18": null, "F19": null, "F20": null, "F21": null, "F22": null, "F23": null, "F24": null, "F25": null, "F26": null, "desserte": null, "layer": "nouveau site de visite", "path": "C:\\Users\\urbai\\OneDrive\\Desktop\\Docs\\Avignon Université\\Master1 GéoTer\\Mémoire\\projet qgis\\site de visite\\nouveau site de visite.dbf|layername=nouveau site de visite" }, "geometry": { "type": "Point", "coordinates": [ 5.201149, 43.75632 ] } },
{ "type": "Feature", "properties": { "Type_d_obj": "Patrimoine culturel", "NB_visiteu": "0", "Nom": "Abbaye Saint-André", "Adresse_1": "Abbaye Saint-André - Fort Saint-André", "Adresse_2": "Montée du Fort", "Code_posta": "30400", "Commune": "Villeneuve-lez-Avignon", "Pays": "France", "Longitude": 4.801065, "Latitude": 43.966018, "Téléphon": null, "Téléph_1": null, "Mél": null, "Tarifs_en_": null, "Période_e": null, "Descriptif": null, "Descript_1": null, "F18": null, "F19": null, "F20": null, "F21": null, "F22": null, "F23": null, "F24": null, "F25": null, "F26": null, "desserte": null, "layer": "nouveau site de visite", "path": "C:\\Users\\urbai\\OneDrive\\Desktop\\Docs\\Avignon Université\\Master1 GéoTer\\Mémoire\\projet qgis\\site de visite\\nouveau site de visite.dbf|layername=nouveau site de visite" }, "geometry": { "type": "Point", "coordinates": [ 4.801065, 43.966018 ] } },
{ "type": "Feature", "properties": { "Type_d_obj": "Patrimoine culturel", "NB_visiteu": "0", "Nom": "Musée Louis Vouland", "Adresse_1": "17 rue Victor Hugo", "Adresse_2": null, "Code_posta": "84000", "Commune": "Avignon", "Pays": "France", "Longitude": 4.8007, "Latitude": 43.947, "Téléphon": null, "Téléph_1": null, "Mél": null, "Tarifs_en_": null, "Période_e": null, "Descriptif": null, "Descript_1": null, "F18": null, "F19": null, "F20": null, "F21": null, "F22": null, "F23": null, "F24": null, "F25": null, "F26": null, "desserte": null, "layer": "nouveau site de visite", "path": "C:\\Users\\urbai\\OneDrive\\Desktop\\Docs\\Avignon Université\\Master1 GéoTer\\Mémoire\\projet qgis\\site de visite\\nouveau site de visite.dbf|layername=nouveau site de visite" }, "geometry": { "type": "Point", "coordinates": [ 4.8007, 43.947 ] } },
{ "type": "Feature", "properties": { "Type_d_obj": "Patrimoine culturel", "NB_visiteu": "0", "Nom": "Synagogue d'Avignon", "Adresse_1": "2 place Jérusalem", "Adresse_2": null, "Code_posta": "84000", "Commune": "Avignon", "Pays": "France", "Longitude": 4.809132, "Latitude": 43.948367, "Téléphon": null, "Téléph_1": null, "Mél": null, "Tarifs_en_": null, "Période_e": null, "Descriptif": null, "Descript_1": null, "F18": null, "F19": null, "F20": null, "F21": null, "F22": null, "F23": null, "F24": null, "F25": null, "F26": null, "desserte": null, "layer": "nouveau site de visite", "path": "C:\\Users\\urbai\\OneDrive\\Desktop\\Docs\\Avignon Université\\Master1 GéoTer\\Mémoire\\projet qgis\\site de visite\\nouveau site de visite.dbf|layername=nouveau site de visite" }, "geometry": { "type": "Point", "coordinates": [ 4.809132, 43.948367 ] } },
{ "type": "Feature", "properties": { "Type_d_obj": "Patrimoine culturel", "NB_visiteu": "0", "Nom": "Pont d'Avignon (Saint-Bénezet)", "Adresse_1": "Boulevard de la Ligne", "Adresse_2": "Boulevard de la Ligne", "Code_posta": "84000", "Commune": "Avignon", "Pays": "France", "Longitude": 4.805664, "Latitude": 43.95304, "Téléphon": null, "Téléph_1": null, "Mél": null, "Tarifs_en_": null, "Période_e": null, "Descriptif": null, "Descript_1": null, "F18": null, "F19": null, "F20": null, "F21": null, "F22": null, "F23": null, "F24": null, "F25": null, "F26": null, "desserte": null, "layer": "nouveau site de visite", "path": "C:\\Users\\urbai\\OneDrive\\Desktop\\Docs\\Avignon Université\\Master1 GéoTer\\Mémoire\\projet qgis\\site de visite\\nouveau site de visite.dbf|layername=nouveau site de visite" }, "geometry": { "type": "Point", "coordinates": [ 4.805664, 43.95304 ] } },
{ "type": "Feature", "properties": { "Type_d_obj": "Patrimoine culturel", "NB_visiteu": "0", "Nom": "Tour Philippe-le-Bel", "Adresse_1": "Montée de la Tour", "Adresse_2": null, "Code_posta": "30400", "Commune": "Villeneuve-lez-Avignon", "Pays": "France", "Longitude": 4.797603, "Latitude": 43.958578, "Téléphon": null, "Téléph_1": null, "Mél": null, "Tarifs_en_": null, "Période_e": null, "Descriptif": null, "Descript_1": null, "F18": null, "F19": null, "F20": null, "F21": null, "F22": null, "F23": null, "F24": null, "F25": null, "F26": null, "desserte": null, "layer": "nouveau site de visite", "path": "C:\\Users\\urbai\\OneDrive\\Desktop\\Docs\\Avignon Université\\Master1 GéoTer\\Mémoire\\projet qgis\\site de visite\\nouveau site de visite.dbf|layername=nouveau site de visite" }, "geometry": { "type": "Point", "coordinates": [ 4.797603, 43.958578 ] } },
{ "type": "Feature", "properties": { "Type_d_obj": "Patrimoine culturel", "NB_visiteu": "0", "Nom": "Tour Ripert", "Adresse_1": "Rue Château Robert", "Adresse_2": null, "Code_posta": "84600", "Commune": "Valréas", "Pays": "France", "Longitude": 4.990153, "Latitude": 44.384269, "Téléphon": null, "Téléph_1": null, "Mél": null, "Tarifs_en_": null, "Période_e": null, "Descriptif": null, "Descript_1": null, "F18": null, "F19": null, "F20": null, "F21": null, "F22": null, "F23": null, "F24": null, "F25": null, "F26": null, "desserte": null, "layer": "nouveau site de visite", "path": "C:\\Users\\urbai\\OneDrive\\Desktop\\Docs\\Avignon Université\\Master1 GéoTer\\Mémoire\\projet qgis\\site de visite\\nouveau site de visite.dbf|layername=nouveau site de visite" }, "geometry": { "type": "Point", "coordinates": [ 4.990153, 44.384269 ] } },
{ "type": "Feature", "properties": { "Type_d_obj": "Patrimoine culturel", "NB_visiteu": "0", "Nom": "Maison Fléchier - Musée des Traditions Comtadines", "Adresse_1": "Maison Fléchier - Musée des Traditions Comtadines", "Adresse_2": "Place Fléchier", "Code_posta": "84210", "Commune": "Pernes-les-Fontaines", "Pays": "France", "Longitude": 5.060363, "Latitude": 43.999227, "Téléphon": null, "Téléph_1": null, "Mél": null, "Tarifs_en_": null, "Période_e": null, "Descriptif": null, "Descript_1": null, "F18": null, "F19": null, "F20": null, "F21": null, "F22": null, "F23": null, "F24": null, "F25": null, "F26": null, "desserte": null, "layer": "nouveau site de visite", "path": "C:\\Users\\urbai\\OneDrive\\Desktop\\Docs\\Avignon Université\\Master1 GéoTer\\Mémoire\\projet qgis\\site de visite\\nouveau site de visite.dbf|layername=nouveau site de visite" }, "geometry": { "type": "Point", "coordinates": [ 5.060363, 43.999227 ] } },
{ "type": "Feature", "properties": { "Type_d_obj": "Patrimoine culturel", "NB_visiteu": "0", "Nom": "La Tour Ferrande", "Adresse_1": null, "Adresse_2": "Rue Victor Hugo", "Code_posta": "84210", "Commune": "Pernes-les-Fontaines", "Pays": "France", "Longitude": 5.057262, "Latitude": 43.99802, "Téléphon": null, "Téléph_1": null, "Mél": null, "Tarifs_en_": null, "Période_e": null, "Descriptif": null, "Descript_1": null, "F18": null, "F19": null, "F20": null, "F21": null, "F22": null, "F23": null, "F24": null, "F25": null, "F26": null, "desserte": null, "layer": "nouveau site de visite", "path": "C:\\Users\\urbai\\OneDrive\\Desktop\\Docs\\Avignon Université\\Master1 GéoTer\\Mémoire\\projet qgis\\site de visite\\nouveau site de visite.dbf|layername=nouveau site de visite" }, "geometry": { "type": "Point", "coordinates": [ 5.057262, 43.99802 ] } },
{ "type": "Feature", "properties": { "Type_d_obj": "Patrimoine culturel", "NB_visiteu": "0", "Nom": "Ôkhra - Écomusée de l'ocre", "Adresse_1": "570 route d'Apt", "Adresse_2": "Usine d'ocre Mathieu", "Code_posta": "84220", "Commune": "Roussillon", "Pays": "France", "Longitude": 5.305805, "Latitude": 43.896126, "Téléphon": null, "Téléph_1": null, "Mél": null, "Tarifs_en_": null, "Période_e": null, "Descriptif": null, "Descript_1": null, "F18": null, "F19": null, "F20": null, "F21": null, "F22": null, "F23": null, "F24": null, "F25": null, "F26": null, "desserte": null, "layer": "nouveau site de visite", "path": "C:\\Users\\urbai\\OneDrive\\Desktop\\Docs\\Avignon Université\\Master1 GéoTer\\Mémoire\\projet qgis\\site de visite\\nouveau site de visite.dbf|layername=nouveau site de visite" }, "geometry": { "type": "Point", "coordinates": [ 5.305805, 43.896126 ] } },
{ "type": "Feature", "properties": { "Type_d_obj": "Patrimoine culturel", "NB_visiteu": "71000", "Nom": "Fondation Villa Datris", "Adresse_1": "7 Avenue des Quatre Otages", "Adresse_2": null, "Code_posta": "84800", "Commune": "L'Isle-sur-la-Sorgue", "Pays": "France", "Longitude": 5.054784, "Latitude": 43.91879, "Téléphon": "04 90 95 23 70", "Téléph_1": "+33 4 90 95 23 70", "Mél": "info@villadatris.com", "Tarifs_en_": "Gratuit.", "Période_e": "Du 19/05 au 30/06/2024 de 11h à 18h.\nFermé lundi et mardi.\nFermé entre 13h et 14h / Dimanche ouvert en continu.\n\nDu 01/07 au 31/08/2024 de 10h à 19h.\nFermé le mardi.\nFermé entre 13h et 14h / Dimanche ouvert en continu.\n\nDu 01/09 au 03/11/2024 de 11", "Descriptif": "La Fondation Villa Datris est un espace dédié à la sculpture contemporaine, à L’Isle-sur-la-Sorgue. Elle accueille une exposition différente chaque année, de mai à novembre.", "Descript_1": "Depuis 2011, la Fondation Villa Datris située à l’Isle-sur-la-Sorgue dans le Vaucluse propose chaque année une exposition thématique réunissant artistes contemporains de renommée internationale et talents émergents. \nL’exposition a pour vocati", "F18": null, "F19": null, "F20": null, "F21": null, "F22": null, "F23": null, "F24": null, "F25": null, "F26": null, "desserte": "desservi", "layer": "site_de_visite_desservi", "path": "C:\\Users\\urbai\\OneDrive\\Desktop\\Docs\\Avignon Université\\Master1 GéoTer\\Mémoire\\projet qgis\\site de visite\\site_de_visite_desservi.dbf|layername=site_de_visite_desservi" }, "geometry": { "type": "Point", "coordinates": [ 5.054784, 43.91879 ] } },
{ "type": "Feature", "properties": { "Type_d_obj": "Patrimoine culturel", "NB_visiteu": "5128", "Nom": "Musée du Costume Comtadin - Magasin Drapier", "Adresse_1": "9 Rue Gambetta", "Adresse_2": null, "Code_posta": "84210", "Commune": "Pernes-les-Fontaines", "Pays": "France", "Longitude": 5.056878, "Latitude": 43.997961, "Téléphon": "04 90 61 31 04", "Téléph_1": "+33 4 90 61 31 04", "Mél": "costume.comtadin@laposte.net", "Tarifs_en_": "Gratuit.", "Période_e": "Du 29/04 au 31/05/2024 de 14h30 à 18h.\nFermé le mardi.\n\nDu 01/06 au 28/06/2024 de 15h30 à 19h.\nFermé le mardi.\n\nDu 29/06 au 29/09/2024.\nFermé le mardi.\nDe 10h15 à 12h30 et de 15h30 à 19h.", "Descriptif": "Cet ancien Magasin Drapier de 1860 est resté figé dans le temps et offre au visiteur un aperçu très réalsite des objets et tissus dont se servaient les aieules pour confectionner leur vêtement.", "Descript_1": "Au pied de la tour Ferrande dans une charmante maison de village, est installée la maison du costume comtadin avec son magasin drapier du XIXe s., et ses salles d’exposition de costumes du Comtat Venaissin. \n\nLe magasin drapier, créé vers 1860, a é", "F18": null, "F19": null, "F20": null, "F21": null, "F22": null, "F23": null, "F24": null, "F25": null, "F26": null, "desserte": "desservi", "layer": "site_de_visite_desservi", "path": "C:\\Users\\urbai\\OneDrive\\Desktop\\Docs\\Avignon Université\\Master1 GéoTer\\Mémoire\\projet qgis\\site de visite\\site_de_visite_desservi.dbf|layername=site_de_visite_desservi" }, "geometry": { "type": "Point", "coordinates": [ 5.056878, 43.997961 ] } },
{ "type": "Feature", "properties": { "Type_d_obj": "Patrimoine culturel", "NB_visiteu": "56996", "Nom": "Musée de la Lavande Luberon", "Adresse_1": "276 Route de Gordes", "Adresse_2": "Hameau de Coustellet", "Code_posta": "84220", "Commune": "Cabrières-d'Avignon", "Pays": "France", "Longitude": 5.146194, "Latitude": 43.869777, "Téléphon": "04 90 76 91 23", "Téléph_1": "+33 4 90 76 91 23", "Mél": "contact@museedelalavande.com", "Tarifs_en_": "Tarif réduit : 7 €\nAdulte : 8 €\nEnfant (11-16 ans) : 4 €\nHandicapé : 5,50 €\nGroupe adultes : de 6 à 7 €.\n\n Gratuit pour les moins de 10 ans, la presse, les accompagnateurs guides, les chauffeurs.\n Tarif groupe à partir de 10 personnes.", "Période_e": "Du 01/04 au 23/12, tous les jours.\nAvril, Mai, Juin, Septembre, Octobre, Novembre, Décembre : ouvert de 10h à 13h et de 14h à 18h (dernière entrée dans le musée a 17h, fermeture de la boutique à 18h).\n\nJuillet et Aout : ouvert non-stop de 10h à 1", "Descriptif": "Le Musée de la Lavande Luberon est un lieu de découverte, véritable conservatoire du savoir-faire provençal de la lavande, hébergeant une magnifique collection d'alambics dans la muséographie soignée et des animations estivales pour découvrir cet", "Descript_1": "Le Musée de la Lavande Luberon, c’est  le conservatoire de la vraie lavande de Provence qui propose des visites (en autonomie avec un audio-guide), des ateliers et des évènements exclusifs pour tous les amateurs de cette fleur emblématique de Prove", "F18": null, "F19": null, "F20": null, "F21": null, "F22": null, "F23": null, "F24": null, "F25": null, "F26": null, "desserte": "desservi", "layer": "site_de_visite_desservi", "path": "C:\\Users\\urbai\\OneDrive\\Desktop\\Docs\\Avignon Université\\Master1 GéoTer\\Mémoire\\projet qgis\\site de visite\\site_de_visite_desservi.dbf|layername=site_de_visite_desservi" }, "geometry": { "type": "Point", "coordinates": [ 5.146194, 43.869777 ] } },
{ "type": "Feature", "properties": { "Type_d_obj": "Patrimoine culturel", "NB_visiteu": "52000", "Nom": "Musée d'Art et d'Histoire", "Adresse_1": "Rue Madeleine Roch", "Adresse_2": null, "Code_posta": "84100", "Commune": "Orange", "Pays": "France", "Longitude": 4.807779, "Latitude": 44.136109, "Téléphon": "04 90 51 17 60", "Téléph_1": "+33 4 90 51 17 60", "Mél": "message@theatre-antique.com", "Tarifs_en_": "Plein tarif : 5,50 €\nTarif réduit : 4,50 €.\n\n Gratuit pour les moins de 7 ans, la presse.\n\nTarif réduit : 7-17 ans, étudiants, porteurs du Pass Education et demandeurs d’emploi. \nGratuité pour les porteurs d'une carte d'invalidité et leur acco", "Période_e": "Toute l'année, tous les jours.\nJanvier, février, novembre, décembre : 9h30-12h / 13h-16h30\nMars, octobre : 9h45-17h30\nAvril, mai, septembre : 9h15-18h\nJuin, juillet, août : 9h15-19h\n\nFermeture des grilles 15 minutes avant clôture.\nLa distribution de", "Descriptif": "Installé en 1933 dans un hôtel particulier du 17ème siècle situé face au Théâtre Antique, il comporte une section gallo-romaine et une section consacrée à l’histoire d’Orange, de la préhistoire à nos jours.", "Descript_1": "Il recèle des documents exceptionnels : trois cadastres romains gravés sur marbre. Pour connaître l’histoire du tissu provençal : des toiles peintes du 18ème siècle illustrent les différentes étapes de l’impression des Indiennes de la Fabriqu", "F18": null, "F19": null, "F20": null, "F21": null, "F22": null, "F23": null, "F24": null, "F25": null, "F26": null, "desserte": "desservi", "layer": "site_de_visite_desservi", "path": "C:\\Users\\urbai\\OneDrive\\Desktop\\Docs\\Avignon Université\\Master1 GéoTer\\Mémoire\\projet qgis\\site de visite\\site_de_visite_desservi.dbf|layername=site_de_visite_desservi" }, "geometry": { "type": "Point", "coordinates": [ 4.807779, 44.136109 ] } },
{ "type": "Feature", "properties": { "Type_d_obj": "Patrimoine naturel", "NB_visiteu": "378600", "Nom": "Sentier des Ocres", "Adresse_1": "Le Village", "Adresse_2": null, "Code_posta": "84220", "Commune": "Roussillon", "Pays": "France", "Longitude": 5.297138, "Latitude": 43.900049, "Téléphon": null, "Téléph_1": null, "Mél": null, "Tarifs_en_": "Adulte : 3,50 €\nGroupe adultes : 2,50 € (Pour un minimum de 15 pers.).\n\n Gratuit pour les moins de 10 ans, les accompagnateurs guides, les chauffeurs, les personnes handicapées et leurs accompagnants.\n Tarif groupe à partir de 15 personnes.", "Période_e": "Du 09/02 au 28/02, tous les jours de 11h à 15h30.\n(16h sortie).\n\nDu 01/03 au 31/03, tous les jours de 10h à 17h.\n(17h30 sortie).\n\nDu 01/04 au 30/04, tous les jours de 9h30 à 17h30.\n(18h sortie).\n\nDu 01/05 au 31/05, tous les jours de 9h30 à 18h30.\nFer", "Descriptif": "Promenez-vous dans ce sentier arboré, aménagé dans d'anciennes carrières ; émerveillez-vous de ses couleurs éclatantes, de ses paysages insolites façonnés par deux siècles d'exploitation ocrière et par le temps.\n2 parcours (court ou long) de 30", "Descript_1": "Appréciez ses haltes permettant de s'adonner à la rêverie : la mer à l'origine des ocres, la relation intime du végétal et du minéral, l'infiniment petit et l'infiniment lointain. Baladez-vous au milieu de ces mystérieuses formations d'ocres, ent", "F18": null, "F19": null, "F20": null, "F21": null, "F22": null, "F23": null, "F24": null, "F25": null, "F26": null, "desserte": "desservi", "layer": "site_de_visite_desservi", "path": "C:\\Users\\urbai\\OneDrive\\Desktop\\Docs\\Avignon Université\\Master1 GéoTer\\Mémoire\\projet qgis\\site de visite\\site_de_visite_desservi.dbf|layername=site_de_visite_desservi" }, "geometry": { "type": "Point", "coordinates": [ 5.297138, 43.900049 ] } },
{ "type": "Feature", "properties": { "Type_d_obj": "Patrimoine culturel", "NB_visiteu": "0", "Nom": "Château des Papes", "Adresse_1": "Château des Papes", "Adresse_2": "route d'Orange", "Code_posta": "84230", "Commune": "Châteauneuf-du-Pape", "Pays": "France", "Longitude": 4.829139, "Latitude": 44.057713, "Téléphon": "04 90 83 71 08", "Téléph_1": "+33 4 90 83 71 08", "Mél": "accueil.chateauneufdupape@paysdorange.com", "Tarifs_en_": "Accès libre.", "Période_e": "Toute l'année, tous les jours.", "Descriptif": "C’est le Pape Jean XXII, second pape avignonnais, qui choisit de bâtir en 1316 à « Châteauneuf Calcernier » une résidence, tout à la fois de villégiature et avant tout, poste de défense stratégique.", "Descript_1": "Sa position stratégique, au nord de la cité, en limite avec la principauté d’Orange en hauteur et en bordure du Rhône, lui permet de contrôler la voie d’accès depuis le nord. \nUn jardin d'agrément est aménagé autour du château, ainsi qu'un", "F18": null, "F19": null, "F20": null, "F21": null, "F22": null, "F23": null, "F24": null, "F25": null, "F26": null, "desserte": "desservi", "layer": "site_de_visite_desservi", "path": "C:\\Users\\urbai\\OneDrive\\Desktop\\Docs\\Avignon Université\\Master1 GéoTer\\Mémoire\\projet qgis\\site de visite\\site_de_visite_desservi.dbf|layername=site_de_visite_desservi" }, "geometry": { "type": "Point", "coordinates": [ 4.829139, 44.057713 ] } },
{ "type": "Feature", "properties": { "Type_d_obj": "Patrimoine culturel", "NB_visiteu": "5304", "Nom": "Musée Comtadin du Cycle", "Adresse_1": "Hôtel de Cheylus", "Adresse_2": "23 place de la Juiverie", "Code_posta": "84210", "Commune": "Pernes-les-Fontaines", "Pays": "France", "Longitude": 5.060877, "Latitude": 43.99821, "Téléphon": "04 90 61 31 04", "Téléph_1": "+33 4 90 61 31 04", "Mél": "bienvenue@porteduventoux.com", "Tarifs_en_": "Gratuit.", "Période_e": "Du 29/04 au 31/05/2024 de 14h30 à 18h.\nFermé le mardi.\n\nDu 01/06 au 28/06/2024 de 15h30 à 19h.\nFermé le mardi.\n\nDu 29/06 au 29/09/2024.\nFermé le mardi.\nDe 10h15 à 12h30 et de 15h30 à 19h.", "Descriptif": "Découvrez le Musée Comtadin du Cycle qui retrace l'histoire et l'évolution du vélocypède au fil d'une collection remarquable d'une centaine de vélos. GRATUIT - Ouvert d'avril à fin septembre", "Descript_1": "C'est dans le site exceptionnel de l'Hôtel de Cheylus (XVIème siècle) qu'est installé le Musée Comtadin du Cycle. Quoi de plus normal qu'un musée du vélo soit présent à Pernes, quand l'un de ses plus illustres enfants n'est autre que Paul de Viv", "F18": null, "F19": null, "F20": null, "F21": null, "F22": null, "F23": null, "F24": null, "F25": null, "F26": null, "desserte": "desservi", "layer": "site_de_visite_desservi", "path": "C:\\Users\\urbai\\OneDrive\\Desktop\\Docs\\Avignon Université\\Master1 GéoTer\\Mémoire\\projet qgis\\site de visite\\site_de_visite_desservi.dbf|layername=site_de_visite_desservi" }, "geometry": { "type": "Point", "coordinates": [ 5.060877, 43.99821 ] } },
{ "type": "Feature", "properties": { "Type_d_obj": "Patrimoine culturel", "NB_visiteu": "0", "Nom": "Gordes", "Adresse_1": "Le Village", "Adresse_2": null, "Code_posta": "84220", "Commune": "Gordes", "Pays": "France", "Longitude": 5.201092, "Latitude": 43.91121, "Téléphon": "04 90 72 02 08", "Téléph_1": "+33 4 90 72 02 08", "Mél": null, "Tarifs_en_": "Accès libre.", "Période_e": null, "Descriptif": "Découvrez l'incontournable village de Gordes, classé parmi les plus beaux villages de France, où la pierre calcaire, les murs en pierres sèches et les bories sont des composantes omniprésentes du paysage.", "Descript_1": "Les lieux à ne pas pas manquer :\n\nLe Château\nClassé monument historique en 1931, il faut la propriété de la famille d'Agoult Simiane qui régna sur Gordes pendant près de 700 ans.\nIl abrita le musée didactique de Vasarely puis celles de l'artiste", "F18": null, "F19": null, "F20": null, "F21": null, "F22": null, "F23": null, "F24": null, "F25": null, "F26": null, "desserte": "desservi", "layer": "site_de_visite_desservi", "path": "C:\\Users\\urbai\\OneDrive\\Desktop\\Docs\\Avignon Université\\Master1 GéoTer\\Mémoire\\projet qgis\\site de visite\\site_de_visite_desservi.dbf|layername=site_de_visite_desservi" }, "geometry": { "type": "Point", "coordinates": [ 5.201092, 43.91121 ] } },
{ "type": "Feature", "properties": { "Type_d_obj": "Patrimoine culturel", "NB_visiteu": "0", "Nom": "Le Théâtre Antique", "Adresse_1": "Dans le site antique de Puymin", "Adresse_2": null, "Code_posta": "84110", "Commune": "Vaison-la-Romaine", "Pays": "France", "Longitude": 5.074277, "Latitude": 44.242893, "Téléphon": "04 90 36 50 48 (Service du patrimoine)|04 90 36 02 11", "Téléph_1": "+33 4 90 36 50 48 (Service du patrimoine)|+33 4 90 36 02 11", "Mél": "contact@vaison-ventoux-tourisme.com", "Tarifs_en_": "Plein tarif : 9 €\nTarif réduit : 7,50 € (sur présentation du billet du petit train touristique)\nEnfant : 4 € (10/18 ans).\n\n Gratuit pour les moins de 10 ans.\n\nPass d'entrée unique pour l'ensemble des sites archéologique, valable 24h.\nGratuit po", "Période_e": "Du 07/02 au 31/12, tous les jours de 9h30 à 18h.\nFermeture entre 12h30 et 13h30.", "Descriptif": "Musée de site, il présente une riche collection de statues en marbre, dont l’exceptionnel couple impérial Hadrien et Sabine. Attention ! Le  pass sanitaire est obligatoire", "Descript_1": "LE PASS SANITAIRE est obligatoire dès le 21 juillet \n(Sauf pour les 11/17 ans – obligation reportée au 30 août)\n\n3 preuves sanitaires à fournir :\n- Test PCR –72 heures.\n- Test antigénique -48 heures.\n- Preuve vaccination 2ème dose +7 jours.\n\n", "F18": null, "F19": null, "F20": null, "F21": null, "F22": null, "F23": null, "F24": null, "F25": null, "F26": null, "desserte": "desservi", "layer": "site_de_visite_desservi", "path": "C:\\Users\\urbai\\OneDrive\\Desktop\\Docs\\Avignon Université\\Master1 GéoTer\\Mémoire\\projet qgis\\site de visite\\site_de_visite_desservi.dbf|layername=site_de_visite_desservi" }, "geometry": { "type": "Point", "coordinates": [ 5.074277, 44.242893 ] } },
{ "type": "Feature", "properties": { "Type_d_obj": "Patrimoine culturel", "NB_visiteu": "13100", "Nom": "Maison Jean Vilar", "Adresse_1": "Maison Jean Vilar - 8 rue de Mons", "Adresse_2": "Montée Paul Puaux", "Code_posta": "84000", "Commune": "Avignon", "Pays": "France", "Longitude": 4.806801, "Latitude": 43.949163, "Téléphon": "04 90 86 59 64", "Téléph_1": "+33 4 90 86 59 64", "Mél": "accueil@maisonjeanvilar.org", "Tarifs_en_": "Gratuit. Sauf certaines expositions temporaires.", "Période_e": "Fermé temporairement.", "Descriptif": "FERMETURE DU 22 JUILLET AU 2 SEPTEMBRE INCLUS.\n\nFondée en 1979 par Paul Puaux, bras droit de Jean Vilar et son successeur à la direction du Festival d’Avignon, la Maison Jean Vilar est un lieu emblématique de la Ville d’Avignon.", "Descript_1": "Le lieu conserve les archives de Jean Vilar et du Festival d’Avignon tout en assurant la présence de celui-ci à l’année sur notre territoire.  \n\nAdossée à un centre de conservation et de recherche sous la responsabilité de la Bibliothèque nati", "F18": null, "F19": null, "F20": null, "F21": null, "F22": null, "F23": null, "F24": null, "F25": null, "F26": null, "desserte": "desservi", "layer": "site_de_visite_desservi", "path": "C:\\Users\\urbai\\OneDrive\\Desktop\\Docs\\Avignon Université\\Master1 GéoTer\\Mémoire\\projet qgis\\site de visite\\site_de_visite_desservi.dbf|layername=site_de_visite_desservi" }, "geometry": { "type": "Point", "coordinates": [ 4.806801, 43.949163 ] } },
{ "type": "Feature", "properties": { "Type_d_obj": "Patrimoine culturel", "NB_visiteu": "189500", "Nom": "Théâtre Antique d'Orange", "Adresse_1": "Rue Madeleine Roch", "Adresse_2": null, "Code_posta": "84100", "Commune": "Orange", "Pays": "France", "Longitude": 4.808804, "Latitude": 44.135913, "Téléphon": "04 90 51 17 60", "Téléph_1": "+33 4 90 51 17 60", "Mél": "message@theatre-antique.com", "Tarifs_en_": "Tarif réduit : à partir de 9,50 € (11€ en période d'animations)\nAdulte : à partir de 11,50 €\nEnfant (7-17 ans) : à partir de 9,50 € (Enfant de 7 à 17 ans, porteurs du Pass Éducation, demandeurs d’emploi))\nGroupe adultes : 9 € (Groupe c", "Période_e": "Toute l'année, tous les jours.\nThéâtre antique :\n-Janvier, février, novembre, décembre : 9h30-16h30\n-Mars, octobre : 9h30-17h30\n-Avril, mai, septembre : 9h-18h\n-Juin, juillet, août : 9h-19h\n\n\nCes horaires peuvent être modifiés en soirée lors des", "Descriptif": "Le théâtre antique d’Orange est le mieux conservé du monde occidental. Inscrit au patrimoine mondial  de l’UNESCO depuis 1981, il doit sa renommée à son monumental mur de scène. « La plus belle  muraille de mon royaume », disait Louis XIV.", "Descript_1": "La visite audioguidée vous fait revivre l'histoire du monument, découvrez également le Musée d'Art et d’Histoire qui retrace l’histoire d'Orange de l'Antiquité jusqu'au XXe siècle. Edifié au début de l'ère chrétienne, il doit sa réputation", "F18": null, "F19": null, "F20": null, "F21": null, "F22": null, "F23": null, "F24": null, "F25": null, "F26": null, "desserte": "desservi", "layer": "site_de_visite_desservi", "path": "C:\\Users\\urbai\\OneDrive\\Desktop\\Docs\\Avignon Université\\Master1 GéoTer\\Mémoire\\projet qgis\\site de visite\\site_de_visite_desservi.dbf|layername=site_de_visite_desservi" }, "geometry": { "type": "Point", "coordinates": [ 4.808804, 44.135913 ] } },
{ "type": "Feature", "properties": { "Type_d_obj": "Patrimoine culturel", "NB_visiteu": "190000", "Nom": "Musée Lapidaire", "Adresse_1": "27 rue de la République", "Adresse_2": null, "Code_posta": "84000", "Commune": "Avignon", "Pays": "France", "Longitude": 4.805672, "Latitude": 43.94556, "Téléphon": "04 90 85 75 38|04 90 14 62 45", "Téléph_1": "+33 4 90 85 75 38|+33 4 90 14 62 45", "Mél": "musee.calvet@mairie-avignon.com", "Tarifs_en_": "Gratuit. Visites libres gratuites des collections permanentes.", "Période_e": "Du 01/06 au 30/09/2024.\nFermé le lundi.\n10h-13h / 14h-19h.\n\nDu 01/10 au 31/10/2024.\nFermé le lundi.\n10h-13h / 14h-18h.\n\nDu 01/11 au 31/12/2024.\nFermé le lundi.\nFermeture exceptionnelle le 25 décembre.\n10h-13h / 14h-17h.\n\nFermeture 25 décembre.", "Descriptif": "Le musée Lapidaire ou galerie des Antiques du musée Calvet présente les collections grecques, romaines, gallo-romaines et paléo-chrétiennes, dans une présentation peu à peu renouvelée.", "Descript_1": "Les collections archéologiques du musée Calvet sont installées depuis 1933 dans la Chapelle du Collège des Jésuites construite au 17e s. au cœur d'Avignon.\nElles sont constituées de pièces grecques, étrusques, romaines, gallo-romaines et paléo-", "F18": null, "F19": null, "F20": null, "F21": null, "F22": null, "F23": null, "F24": null, "F25": null, "F26": null, "desserte": "desservi", "layer": "site_de_visite_desservi", "path": "C:\\Users\\urbai\\OneDrive\\Desktop\\Docs\\Avignon Université\\Master1 GéoTer\\Mémoire\\projet qgis\\site de visite\\site_de_visite_desservi.dbf|layername=site_de_visite_desservi" }, "geometry": { "type": "Point", "coordinates": [ 4.805672, 43.94556 ] } },
{ "type": "Feature", "properties": { "Type_d_obj": "Patrimoine culturel", "NB_visiteu": "0", "Nom": "Harmas Jean-Henri Fabre", "Adresse_1": "445 Route d'Orange", "Adresse_2": null, "Code_posta": "84830", "Commune": "Sérignan-du-Comtat", "Pays": "France", "Longitude": 4.840305, "Latitude": 44.188038, "Téléphon": "04 90 30 57 62", "Téléph_1": "+33 4 90 30 57 62", "Mél": "jhfabre@mnhn.fr", "Tarifs_en_": "Tarif réduit : 7 € (Porteur du Pass Education ; porteur du Pass Provence)\nAdulte : 10 €\nEnfant : 7 € (Jeunes (de 3 à 17 ans)).\n\n Gratuit pour les moins de 3 ans, la presse, les accompagnateurs guides, les chauffeurs, les demandeurs d'emploi, les", "Période_e": "Toute l'année, tous les jours.\nFermetures exceptionnelles les 1er janvier, Lundi de Pâques, 1er mai, 14 juillet, 15 août, 1er novembre, 11 novembre et 25 décembre.\nDu 1er septembre 2023 au 31 mars 2024\nTous les jours 10 h à 12 h 30 et 13 h 30 à 17", "Descriptif": "Labellisé « Maison des illustres » et « Jardin remarquable », l’Harmas Jean-Henri Fabre est la dernière demeure du naturaliste Jean-Henri Fabre, touche-à-tout de génie sur laquelle veille le Muséum national d’Histoire naturelle depuis 1922.", "Descript_1": "Il s’y installe en 1879 et fait de ce lieu son laboratoire à ciel ouvert. Le mas rustique à la façade rose et aux volets verts, ainsi que son parc d’un hectare à la végétation méditerranéenne offrent à tous les publics un voyage instructif e", "F18": null, "F19": null, "F20": null, "F21": null, "F22": null, "F23": null, "F24": null, "F25": null, "F26": null, "desserte": "desservi", "layer": "site_de_visite_desservi", "path": "C:\\Users\\urbai\\OneDrive\\Desktop\\Docs\\Avignon Université\\Master1 GéoTer\\Mémoire\\projet qgis\\site de visite\\site_de_visite_desservi.dbf|layername=site_de_visite_desservi" }, "geometry": { "type": "Point", "coordinates": [ 4.840305, 44.188038 ] } },
{ "type": "Feature", "properties": { "Type_d_obj": "Patrimoine culturel", "NB_visiteu": "12369", "Nom": "Campredon art & image", "Adresse_1": "20 Rue du Docteur Tallet", "Adresse_2": "Entrée Rue Molière", "Code_posta": "84800", "Commune": "L'Isle-sur-la-Sorgue", "Pays": "France", "Longitude": 5.052331, "Latitude": 43.9209, "Téléphon": "04 90 38 17 41", "Téléph_1": "+33 4 90 38 17 41", "Mél": "campredon@islesurlasorgue.fr (librairie.campredon@islesurlasorgue.fr)", "Tarifs_en_": "Plein tarif : de 3 à 4 € (4 € avec le journal de l'exposition)\nGroupe enfants : Groupes scolaires l'Islois : gratuitGroupes scolaires autres communes : 1€ / élève.\n\n Gratuit pour les moins de 18 ans, les demandeurs d'emploi, les enseignants, les", "Période_e": "Du 30/03 au 06/10/2024, tous les jours de 10h à 18h.", "Descriptif": "Campredon Art & Image est un nouvel espace aménagé pour recevoir une exposition annuelle, thématique et collective qui fait la part belle aux arts polymorphes : numériques, visuels, photographiques et immersifs.", "Descript_1": "Situé le long d'un bras de la Sorgue, au cœur de la cité de L’Isle-sur-Sorgue, CAMPREDON art & image, niché au sein d'un hôtel particulier XVIIIème, est un lieu vivant, proche de son temps, dans lequel la part belle est faite aux arts polymorphes", "F18": null, "F19": null, "F20": null, "F21": null, "F22": null, "F23": null, "F24": null, "F25": null, "F26": null, "desserte": "desservi", "layer": "site_de_visite_desservi", "path": "C:\\Users\\urbai\\OneDrive\\Desktop\\Docs\\Avignon Université\\Master1 GéoTer\\Mémoire\\projet qgis\\site de visite\\site_de_visite_desservi.dbf|layername=site_de_visite_desservi" }, "geometry": { "type": "Point", "coordinates": [ 5.052331, 43.9209 ] } },
{ "type": "Feature", "properties": { "Type_d_obj": "Patrimoine culturel", "NB_visiteu": "21376", "Nom": "Musée Angladon - Collection Jacques Doucet", "Adresse_1": "5, rue Laboureur", "Adresse_2": null, "Code_posta": "84000", "Commune": "Avignon", "Pays": "France", "Longitude": 4.806951, "Latitude": 43.94614, "Téléphon": "04 90 82 29 03", "Téléph_1": "+33 4 90 82 29 03", "Mél": "accueil@angladon.com", "Tarifs_en_": "Plein tarif : 8 €\nTarif réduit : 6,50 € (pour les personnes âgés de + de 60 ans et les familles nombreuses sur présentation de la carte).\n\n Gratuit pour les moins de 4 ans.\n\n. 5€ pour les résidents avignonnais ainsi que les demandeurs d'emploi", "Période_e": "Du 01/04 au 31/10/2024 de 13h à 18h.\nFermé le lundi.\n\nDu 01/11 au 31/12/2024 de 13h à 18h.\nFermé lundi et dimanche.\nFermeture exceptionnelle le 25 décembre.\nFermeture 25 décembre.", "Descriptif": "Le musée Angladon présente, dans un ancien hôtel particulier, demeure des fondateurs, des chefs d’œuvre de Degas, Cézanne, Sisley, Picasso, Modigliani, Van Gogh, provenant des collections du couturier Jacques Doucet.", "Descript_1": "Selon la volonté des donateurs, le reste de la demeure a conservé le charme d'un intérieur d'amateurs d'art présentant de nombreux tableaux, meubles estampillés et objets d'art : salon des 17e et 18e s., salle Renaissance, atelier d'artistes, cabine", "F18": null, "F19": null, "F20": null, "F21": null, "F22": null, "F23": null, "F24": null, "F25": null, "F26": null, "desserte": "desservi", "layer": "site_de_visite_desservi", "path": "C:\\Users\\urbai\\OneDrive\\Desktop\\Docs\\Avignon Université\\Master1 GéoTer\\Mémoire\\projet qgis\\site de visite\\site_de_visite_desservi.dbf|layername=site_de_visite_desservi" }, "geometry": { "type": "Point", "coordinates": [ 4.806951, 43.94614 ] } },
{ "type": "Feature", "properties": { "Type_d_obj": "Patrimoine culturel", "NB_visiteu": "6069", "Nom": "Musée d'Apt", "Adresse_1": "14 Place du Postel", "Adresse_2": null, "Code_posta": "84400", "Commune": "Apt", "Pays": "France", "Longitude": 5.397983, "Latitude": 43.875742, "Téléphon": "04 90 74 95 30", "Téléph_1": "+33 4 90 74 95 30", "Mél": "musee@apt.fr", "Tarifs_en_": "Plein tarif : 5 €\nTarif réduit : 3 €.\n\n Gratuit pour les moins de 18 ans, la presse, les chauffeurs, les enseignants.\n Tarif groupe à partir de 10 personnes.", "Période_e": "Du 01/07 au 31/08/2024.\nFermé le dimanche.\nFermetures exceptionnelles les 14 juillet et 15 août.\nOuvert du lundi au samedi de 10h à 12h et de 14h à 17h30.\n\nDu 01/09/2024 au 30/06/2025.\nFermé lundi et dimanche.\nFermetures exceptionnelles les 1er janv", "Descriptif": "L’ensemble des collections retraçant l’activité économique du Pays d’Apt : faïences, fruits confits et ocres sont exposés dans ce musée.", "Descript_1": "Installé dans une ancienne usine de fruit confits, le Musée d'Apt présente les principaux aspects de l'activité industrielle traditionnelle du Pays d'Apt, caractérisée par la transformation des trois principales ressources naturelles de la région", "F18": null, "F19": null, "F20": null, "F21": null, "F22": null, "F23": null, "F24": null, "F25": null, "F26": null, "desserte": "desservi", "layer": "site_de_visite_desservi", "path": "C:\\Users\\urbai\\OneDrive\\Desktop\\Docs\\Avignon Université\\Master1 GéoTer\\Mémoire\\projet qgis\\site de visite\\site_de_visite_desservi.dbf|layername=site_de_visite_desservi" }, "geometry": { "type": "Point", "coordinates": [ 5.397983, 43.875742 ] } },
{ "type": "Feature", "properties": { "Type_d_obj": "Patrimoine culturel", "NB_visiteu": "68628", "Nom": "Le Musée archéologique Théo Desplans", "Adresse_1": "Dans le site antique de Puymin", "Adresse_2": null, "Code_posta": "84110", "Commune": "Vaison-la-Romaine", "Pays": "France", "Longitude": 5.074277, "Latitude": 44.242893, "Téléphon": "04 90 46 51 14 (Musée archéologique Théo desplans)", "Téléph_1": "+33 4 90 46 51 14 (Musée archéologique Théo desplans)", "Mél": null, "Tarifs_en_": "Plein tarif : 9 €\nAdolescent : 4 € (Pour les jeunes de 10 à 17 ans et les étudiants de moins de 25 ans.).\n\n Gratuit pour les moins de 10 ans.\n\nL'entrée au musée est incluse dans l'achat du billet-pass.", "Période_e": "Du 10/02 au 31/12, tous les jours.\nDe 9h30 à 12h15 et de 14h à 17h15.", "Descriptif": "Les sites et le musée archéologiques sont ouverts à la visite, tous les jours de 9h30 à 12h30 et de 14h à 17h30. L’accès au musée n'est plus accessible 15 mn avant sa fermeture.", "Descript_1": "Le musée présente une riche collection de statues en marbre, dont l’exceptionnel couple impérial Hadrien et Sabine, des décors de fresques et de mosaïques, une belle collection d'objets funéraires et de culte et de nombreux objets de la vie coura", "F18": null, "F19": null, "F20": null, "F21": null, "F22": null, "F23": null, "F24": null, "F25": null, "F26": null, "desserte": "desservi", "layer": "site_de_visite_desservi", "path": "C:\\Users\\urbai\\OneDrive\\Desktop\\Docs\\Avignon Université\\Master1 GéoTer\\Mémoire\\projet qgis\\site de visite\\site_de_visite_desservi.dbf|layername=site_de_visite_desservi" }, "geometry": { "type": "Point", "coordinates": [ 5.074277, 44.242893 ] } },
{ "type": "Feature", "properties": { "Type_d_obj": "Patrimoine culturel", "NB_visiteu": "0", "Nom": "Le Naturoptère", "Adresse_1": "Chemin du Grès", "Adresse_2": null, "Code_posta": "84830", "Commune": "Sérignan-du-Comtat", "Pays": "France", "Longitude": 4.841285, "Latitude": 44.188046, "Téléphon": "04 90 30 33 20", "Téléph_1": "+33 4 90 30 33 20", "Mél": "contact@naturoptere.fr", "Tarifs_en_": "Tarif réduit : 7 € (3-17 ans + Pass Provence)\nAdulte : 10 € (billet en commun avec l'Harmas (un billet = entrée dans les 2 sites)\nFamille nombreuse : à partir de 28 € ((2 adultes et 2 enfants) : 28€ + 5€ par enfant supplémentaire)\nGroupe ad", "Période_e": "Toute l'année, tous les jours.\nFermetures exceptionnelles les 1er janvier, Lundi de Pâques, 1er mai, 14 juillet, 15 août, 1er novembre, 11 novembre et 25 décembre.\n01/09/23 au 31/03/24 ouvert du mardi au samedi de 10:00 à 12.:30 et de 13:30 à 17:00", "Descriptif": "Implanté à Sérignan-du-Comtat, en face de l’Harmas du célèbre naturaliste Jean-Henri FABRE, le Naturoptère est un centre culturel et pédagogique dédié à la nature et à l’environnement.", "Descript_1": "Visitez les expositions et les jardins de ce site insolite et apprenez-en toujours plus sur la biodiversité qui nous entoure.\n\nLe Naturoptère est un centre culturel et pédagogique dédié à  la nature et à l'environnement.\n\n\nAu cœur d'un bâtiment", "F18": null, "F19": null, "F20": null, "F21": null, "F22": null, "F23": null, "F24": null, "F25": null, "F26": null, "desserte": "desservi", "layer": "site_de_visite_desservi", "path": "C:\\Users\\urbai\\OneDrive\\Desktop\\Docs\\Avignon Université\\Master1 GéoTer\\Mémoire\\projet qgis\\site de visite\\site_de_visite_desservi.dbf|layername=site_de_visite_desservi" }, "geometry": { "type": "Point", "coordinates": [ 4.841285, 44.188046 ] } },
{ "type": "Feature", "properties": { "Type_d_obj": "Patrimoine culturel", "NB_visiteu": "774325", "Nom": "Palais des Papes", "Adresse_1": "Place du Palais des Papes", "Adresse_2": null, "Code_posta": "84000", "Commune": "Avignon", "Pays": "France", "Longitude": 4.807685, "Latitude": 43.950708, "Téléphon": "04 32 74 32 74", "Téléph_1": "+33 4 32 74 32 74", "Mél": "officetourisme@avignon-tourisme.com", "Tarifs_en_": "Plein tarif : 12 € (- Palais + jardins :  14.50 €)\nTarif réduit : 10 € (- Palais + jardins :   11.50 €)\nEnfant : 6,50 € (8-17 ans).\n\n Gratuit pour les moins de 8 ans.\n\nPour les Avignonnais et les habitants de Montfavet : gratuité tous les dim", "Période_e": "Du 01/03 au 03/11/2024, tous les jours de 9h à 19h.\nFermeture des caisses 1h avant.\n\nDu 04/11 au 20/12/2024, tous les jours de 10h à 17h.\nFermeture des caisses 1h avant.\n\nDu 21/12 au 31/12/2024, tous les jours de 10h à 18h.\nFermeture des caisses 1h av", "Descriptif": "La monumentale résidence des souverains pontifes, symbole du rayonnement  de l’Eglise sur l’Occident Chrétien du XIVe siècle, constitue le plus important palais gothique du monde !", "Descript_1": "Le Palais des Papes fait partie des 10 monuments les plus visités en France.\n\nRésidence des souverains pontifes du XIVe siècle, classée au Patrimoine mondial de l'UNESCO, il constitue le plus important palais gothique du monde (15 000 m2 de plancher,", "F18": null, "F19": null, "F20": null, "F21": null, "F22": null, "F23": null, "F24": null, "F25": null, "F26": null, "desserte": "desservi", "layer": "site_de_visite_desservi", "path": "C:\\Users\\urbai\\OneDrive\\Desktop\\Docs\\Avignon Université\\Master1 GéoTer\\Mémoire\\projet qgis\\site de visite\\site_de_visite_desservi.dbf|layername=site_de_visite_desservi" }, "geometry": { "type": "Point", "coordinates": [ 4.807685, 43.950708 ] } },
{ "type": "Feature", "properties": { "Type_d_obj": "Patrimoine culturel", "NB_visiteu": "1187", "Nom": "Chapelle du Grand Couvent", "Adresse_1": "194, Grand'Rue", "Adresse_2": null, "Code_posta": "84300", "Commune": "Cavaillon", "Pays": "France", "Longitude": 5.037177, "Latitude": 43.838092, "Téléphon": "04 90 72 26 86", "Téléph_1": "+33 4 90 72 26 86", "Mél": "patrimoine.musees@ville-cavaillon.fr", "Tarifs_en_": "Certaines expositions sont gratuites, d'autres payantes.\nProgrammation 2024 en cours.", "Période_e": "Fermé temporairement.", "Descriptif": "Le Grand-Couvent abritait à l'origine un couvent de Bénédictines (XIVe s.) qui fut modifié par la Contre-Réforme (XVIIe s.).\nLa chapelle accueille, depuis quelques années, un espace municipal dédié aux expositions temporaires.", "Descript_1": "La chapelle du Grand-Couvent est un monument phare de la Grand’Rue. A mi-parcours entre le groupe cathédral et la porte d’Avignon, l’édifice s’impose le long de la principale artère de la ville depuis l’Antiquité, le cardo, qui allait du no", "F18": null, "F19": null, "F20": null, "F21": null, "F22": null, "F23": null, "F24": null, "F25": null, "F26": null, "desserte": "desservi", "layer": "site_de_visite_desservi", "path": "C:\\Users\\urbai\\OneDrive\\Desktop\\Docs\\Avignon Université\\Master1 GéoTer\\Mémoire\\projet qgis\\site de visite\\site_de_visite_desservi.dbf|layername=site_de_visite_desservi" }, "geometry": { "type": "Point", "coordinates": [ 5.037177, 43.838092 ] } },
{ "type": "Feature", "properties": { "Type_d_obj": "Patrimoine culturel", "NB_visiteu": "0", "Nom": "La Maison du Fruit Confit", "Adresse_1": "Quartier Salignan", "Adresse_2": "RD 900", "Code_posta": "84400", "Commune": "Apt", "Pays": "France", "Longitude": 5.361911, "Latitude": 43.885562, "Téléphon": "04 90 76 31 43 (La maison du fruit confit)", "Téléph_1": "+33 4 90 76 31 43 (La maison du fruit confit)", "Mél": "contact@lamaisondufruitconfit.com", "Tarifs_en_": "Accès libre. Visite Libre gratuite pour les visiteurs\n\nVisite commentées avec dégustation \" privilège\"\n15€ / personne sur réservation à partir de 10 personnes\nRéservation au 04 90 76 31 66.", "Période_e": null, "Descriptif": "L’espace muséographique et multimédia de près de 100 m2 vous transporte dans l’univers du fruit confit au cœur du Luberon.", "Descript_1": null, "F18": null, "F19": null, "F20": null, "F21": null, "F22": null, "F23": null, "F24": null, "F25": null, "F26": null, "desserte": "desservi", "layer": "site_de_visite_desservi", "path": "C:\\Users\\urbai\\OneDrive\\Desktop\\Docs\\Avignon Université\\Master1 GéoTer\\Mémoire\\projet qgis\\site de visite\\site_de_visite_desservi.dbf|layername=site_de_visite_desservi" }, "geometry": { "type": "Point", "coordinates": [ 5.361911, 43.885562 ] } },
{ "type": "Feature", "properties": { "Type_d_obj": "Patrimoine culturel", "NB_visiteu": "0", "Nom": "Musée de la Géologie de la Maison du Parc", "Adresse_1": "60, place Jean-Jaurès", "Adresse_2": "BP 122", "Code_posta": "84400", "Commune": "Apt", "Pays": "France", "Longitude": 5.397602, "Latitude": 43.875276, "Téléphon": "04 90 04 42 00", "Téléph_1": "+33 4 90 04 42 00", "Mél": "accueil@parcduluberon.fr", "Tarifs_en_": "Gratuit.", "Période_e": "Du 02/01 au 31/12/2024 \nOuverture le lundi, mardi, mercredi, jeudi et vendredi de 8h30 à 12h et de 14h à 17h30.\nFermé samedi et dimanche.\nFermetures exceptionnelles les Lundi de Pâques, Jeudi de l'Ascension, Lundi de Pentecôte, 1er mai, 8 mai, 14 ju", "Descriptif": "Incontournable lors de votre visite dans la région : venez découvrir en famille le musée de géologie, installé dans les très belles caves voûtées de la Maison du Parc. GRATUIT \nAnimation spéciale à faire en famille :  Nuit des Musées 18 mai de", "Descript_1": "Plongez dans un voyage dans l’espace et le temps pour découvrir l’histoire foisonnante et mouvementée du Luberon depuis plus de 130 millions d’années.\nInstallé dans les belles caves voûtées de la Maison du Parc d'Apt, le musée vous invite à", "F18": null, "F19": null, "F20": null, "F21": null, "F22": null, "F23": null, "F24": null, "F25": null, "F26": null, "desserte": "desservi", "layer": "site_de_visite_desservi", "path": "C:\\Users\\urbai\\OneDrive\\Desktop\\Docs\\Avignon Université\\Master1 GéoTer\\Mémoire\\projet qgis\\site de visite\\site_de_visite_desservi.dbf|layername=site_de_visite_desservi" }, "geometry": { "type": "Point", "coordinates": [ 5.397602, 43.875276 ] } },
{ "type": "Feature", "properties": { "Type_d_obj": "Patrimoine culturel", "NB_visiteu": "541144", "Nom": "Pont d'Avignon (Saint-Bénezet)", "Adresse_1": "Boulevard de la Ligne", "Adresse_2": "Boulevard de la Ligne", "Code_posta": "84000", "Commune": "Avignon", "Pays": "France", "Longitude": 4.805664, "Latitude": 43.95304, "Téléphon": "04 32 74 32 74", "Téléph_1": "+33 4 32 74 32 74", "Mél": "officetourisme@avignon-tourisme.com", "Tarifs_en_": "Plein tarif : 5 €\nTarif réduit : 4 €.\n\n Gratuit pour les moins de 8 ans.\n\nPour les Avignonnais : gratuité tous les dimanches de l'année sur présentation d'une pièce d'identité et d'un justificatif de domicile - réservation : https://online3-ne", "Période_e": "Du 01/03 au 03/11/2024, tous les jours de 9h à 19h.\nFermeture des caisses 30 mn avant.\n\nFermeture le 19 juin en raison du passage de la flamme olympique.\n\nDu 04/11 au 20/12/2024, tous les jours de 10h à 17h.\nFermeture des caisses 30 mn avant.\n\nDu 21/12", "Descriptif": "Le pont Saint Bénezet, construit à partir du 12e siècle et témoin majeur de l’histoire d’Avignon, est connu dans le monde entier grâce à sa célèbre chanson enfantine \"Sur le pont d'Avignon\". Il est inscrit Patrimoine Mondial par l’UNESCO de", "Descript_1": "D'après la légende, le pont aurait été édifié au 12e s. par un jeune berger du Vivarais, Bénézet, sur ordre céleste.\nMais en réalité, la construction du pont a été un chantier permanent qui s’est étalé sur plusieurs siècles. Les modific", "F18": null, "F19": null, "F20": null, "F21": null, "F22": null, "F23": null, "F24": null, "F25": null, "F26": null, "desserte": "desservi", "layer": "site_de_visite_desservi", "path": "C:\\Users\\urbai\\OneDrive\\Desktop\\Docs\\Avignon Université\\Master1 GéoTer\\Mémoire\\projet qgis\\site de visite\\site_de_visite_desservi.dbf|layername=site_de_visite_desservi" }, "geometry": { "type": "Point", "coordinates": [ 4.805664, 43.95304 ] } },
{ "type": "Feature", "properties": { "Type_d_obj": "Patrimoine culturel", "NB_visiteu": "8722", "Nom": "La Filaventure, boutique et musée sensoriel de la Manufacture Brun de Vian-Tiran", "Adresse_1": "Avenue de la Libération", "Adresse_2": null, "Code_posta": "84800", "Commune": "L'Isle-sur-la-Sorgue", "Pays": "France", "Longitude": 5.048203, "Latitude": 43.918312, "Téléphon": "04 28 70 28 00", "Téléph_1": "+33 4 28 70 28 00", "Mél": "lafilaventure@brundeviantiran.fr", "Tarifs_en_": "Plein tarif : 7,50 €\nTarif réduit : 6,50 €\nGroupe adultes : de 5 à 6 €.\n\n Gratuit pour les moins de 6 ans, les accompagnateurs guides, les chauffeurs.\n Tarif groupe à partir de 8 personnes.\n\n.", "Période_e": "Du 01/01 au 31/12, tous les jours.\nOuverture du lundi au samedi de 10h00 à 12h30 et de 14h30 à 19h00.\nOuverture les dimanches de 12h00 à 19h00\nFermetures exceptionnelles, les 1er janvier, 1er mai et 25, 26 et 31 décembre.", "Descriptif": "Après 210 ans d'existence, la manufacture vous propose de partager sa passion pour les fibres nobles dans La Filaventure, le musée sensoriel. Quête incessante des plus belles matières sur les cinq continents, deux siècles d'innovation et d'excellenc", "Descript_1": "Entreprise du Patrimoine Vivant \n\nLE MUSÉE SENSORIEL \n\nGuidé par le Filambule et par Edgar le mouton pour les plus jeunes, entrez dans le monde quotidien de Pierre et Jean-Louis Brun, 7e et 8e générations de Brun de Vian-Tiran. Découvrez les animaux", "F18": null, "F19": null, "F20": null, "F21": null, "F22": null, "F23": null, "F24": null, "F25": null, "F26": null, "desserte": "desservi", "layer": "site_de_visite_desservi", "path": "C:\\Users\\urbai\\OneDrive\\Desktop\\Docs\\Avignon Université\\Master1 GéoTer\\Mémoire\\projet qgis\\site de visite\\site_de_visite_desservi.dbf|layername=site_de_visite_desservi" }, "geometry": { "type": "Point", "coordinates": [ 5.048203, 43.918312 ] } },
{ "type": "Feature", "properties": { "Type_d_obj": "Patrimoine culturel", "NB_visiteu": "150", "Nom": "Musée de pays - Archéologie et Paléontologie", "Adresse_1": "Espace Jean Duffard (entrée par la cour, sous le porche)", "Adresse_2": "43 cours Victor Hugo", "Code_posta": "84600", "Commune": "Valréas", "Pays": "France", "Longitude": 4.988978, "Latitude": 44.385588, "Téléphon": "06 46 21 74 12", "Téléph_1": "+33 6 46 21 74 12", "Mél": "magalibathelier@gmail.com", "Tarifs_en_": "Adulte : 2 €\nEnfant : gratuit jusqu'à 17 ans.\n\n\nTarif : 2 €, à partir de 15 ans.", "Période_e": "Du 19/06 au 09/08/2024 \nOuverture le mercredi et vendredi de 10h à 12h et de 15h à 18h.\nMercredi, Vendredi : 10h à 12h, 15h à 18h\n\nHors période estivale, merci de contacter l'Office de Tourisme.", "Descriptif": "A la découverte de l'archéologie et paléontologie de Valréas et ses environs.\nPossibilité de visite toute l'année sur rendez-vous. Nous contacter.", "Descript_1": "Fossiles, pièces de monnaie, reconstitution de scènes préhistoriques, de nombreux mobiliers provenant de villas et tombes gallo-romaines permettent de mieux appréhender le passé de Valréas et de sa région.", "F18": null, "F19": null, "F20": null, "F21": null, "F22": null, "F23": null, "F24": null, "F25": null, "F26": null, "desserte": "desservi", "layer": "site_de_visite_desservi", "path": "C:\\Users\\urbai\\OneDrive\\Desktop\\Docs\\Avignon Université\\Master1 GéoTer\\Mémoire\\projet qgis\\site de visite\\site_de_visite_desservi.dbf|layername=site_de_visite_desservi" }, "geometry": { "type": "Point", "coordinates": [ 4.988978, 44.385588 ] } },
{ "type": "Feature", "properties": { "Type_d_obj": "Patrimoine culturel", "NB_visiteu": "2858", "Nom": "Maison Fléchier - Musée des Traditions Comtadines", "Adresse_1": "Maison Fléchier - Musée des Traditions Comtadines", "Adresse_2": "Place Fléchier", "Code_posta": "84210", "Commune": "Pernes-les-Fontaines", "Pays": "France", "Longitude": 5.060363, "Latitude": 43.999227, "Téléphon": "04 90 61 31 04", "Téléph_1": "+33 4 90 61 31 04", "Mél": "bienvenue@porteduventoux.com", "Tarifs_en_": "Entrée libre.", "Période_e": "Du 29/04 au 31/05/2024 de 14h30 à 18h.\nFermé le mardi.\n\nDu 01/06 au 28/06/2024 de 15h30 à 19h.\nFermé le mardi.\n\nDu 29/06 au 29/09/2024.\nFermé le mardi.\nDe 10h15 à 12h30 et de 15h30 à 19h.", "Descriptif": "Ce bel hôtel particulier du XVIIème siècle renferme le Musée des Traditions Comtadines. Découvrez les secrets des traditions de Noël, les voeux au nouveau-né, la culture du ver à soie, et l'atelier du santonnier.", "Descript_1": "Maison natale d’Esprit Fléchier, orateur sacré à la cour de Louis XIV, cet hôtel particulier du XVIIème siècle fait partie de la richesse architecturale de la ville. \n\nA l’entrée se trouve une présentation du Canal de Carpentras, œuvre du Pe", "F18": null, "F19": null, "F20": null, "F21": null, "F22": null, "F23": null, "F24": null, "F25": null, "F26": null, "desserte": "desservi", "layer": "site_de_visite_desservi", "path": "C:\\Users\\urbai\\OneDrive\\Desktop\\Docs\\Avignon Université\\Master1 GéoTer\\Mémoire\\projet qgis\\site de visite\\site_de_visite_desservi.dbf|layername=site_de_visite_desservi" }, "geometry": { "type": "Point", "coordinates": [ 5.060363, 43.999227 ] } },
{ "type": "Feature", "properties": { "Type_d_obj": "Patrimoine culturel", "NB_visiteu": "4314", "Nom": "Musée juif comtadin - ancienne synagogue", "Adresse_1": "Rue Hébraïque", "Adresse_2": null, "Code_posta": "84300", "Commune": "Cavaillon", "Pays": "France", "Longitude": 5.038513, "Latitude": 43.837105, "Téléphon": "04 90 72 26 86|04 90 71 21 06", "Téléph_1": "+33 4 90 72 26 86|+33 4 90 71 21 06", "Mél": "patrimoine.musees@ville-cavaillon.fr", "Tarifs_en_": "Plein tarif : 7 €\nTarif réduit : 5 € (Groupes >10 personnes, familles nombreuses, séniors + 60 ans, étudiants universitaires, enseignants, demandeurs d'emploi, bénéficiaires RSA.).\n\n\nBillet couplé avec le Musée archéologique.\n\nGratuité (sur", "Période_e": "Du 02/01 au 31/03.\nOuverture pour les groupes, uniquement sur réservation.\n\nDu 01/04 au 30/04.\nFermé mardi et dimanche.\nOuverture de 10h à 12h et de 14h à 17h, visites guidées uniquement.\nVisites guidées à 10h, 11h, 14h, 15h et 16h.\n\nDu 02/05 au 3", "Descriptif": "Située au coeur de l'ancienne \"carrière\", rue en provençal, la synagogue d'une très grande originalité est remarquablement conservée. La formule architecturale des synagogues du Comtat, seulement conservée à Cavaillon et Carpentras, est unique au", "Descript_1": "Située au cœur de l’ancienne carrière, classée au titre des Monuments Historiques depuis 1924, la synagogue était un élément majeur de la vie de la communauté. A la fois lieu de prières, de réunion mais aussi école, elle fut construite à la", "F18": null, "F19": null, "F20": null, "F21": null, "F22": null, "F23": null, "F24": null, "F25": null, "F26": null, "desserte": "desservi", "layer": "site_de_visite_desservi", "path": "C:\\Users\\urbai\\OneDrive\\Desktop\\Docs\\Avignon Université\\Master1 GéoTer\\Mémoire\\projet qgis\\site de visite\\site_de_visite_desservi.dbf|layername=site_de_visite_desservi" }, "geometry": { "type": "Point", "coordinates": [ 5.038513, 43.837105 ] } },
{ "type": "Feature", "properties": { "Type_d_obj": "Patrimoine culturel", "NB_visiteu": "4318", "Nom": "Musée de la Résistance", "Adresse_1": "Place Reboul", "Adresse_2": null, "Code_posta": "84210", "Commune": "Pernes-les-Fontaines", "Pays": "France", "Longitude": 5.060341, "Latitude": 43.998179, "Téléphon": "04 90 61 31 04", "Téléph_1": "+33 4 90 61 31 04", "Mél": "bienvenue@porteduventoux.com", "Tarifs_en_": "Gratuit.", "Période_e": "Du 29/04 au 31/05/2024 de 14h30 à 18h.\nFermé le mardi.\n\nDu 01/06 au 28/06/2024 de 15h30 à 19h.\nFermé le mardi.\n\nDu 29/06 au 29/09/2024.\nFermé le mardi.\nDe 10h15 à 12h30 et de 15h30 à 19h.", "Descriptif": "Le musée présente une exposition permanente sur la Résistance locale. Il retrace les faits historiques de la seconde guerre mondiale, à Pernes et dans ses environs. L'accès au musée est gratuit.", "Descript_1": "Inauguré le 27 mai 2013, à l’occasion de la Journée Nationale de la Résistance, le musée est situé sur la place de la Fontaine Reboul, rue Raspail.\n\nIl retrace les faits historiques de la seconde guerre mondiale, à Pernes et dans ses environs, a", "F18": null, "F19": null, "F20": null, "F21": null, "F22": null, "F23": null, "F24": null, "F25": null, "F26": null, "desserte": "desservi", "layer": "site_de_visite_desservi", "path": "C:\\Users\\urbai\\OneDrive\\Desktop\\Docs\\Avignon Université\\Master1 GéoTer\\Mémoire\\projet qgis\\site de visite\\site_de_visite_desservi.dbf|layername=site_de_visite_desservi" }, "geometry": { "type": "Point", "coordinates": [ 5.060341, 43.998179 ] } },
{ "type": "Feature", "properties": { "Type_d_obj": "Équipement", "NB_visiteu": "320000", "Nom": "Parc Spirou Provence", "Adresse_1": "1 rue Jean-Henri Fabre", "Adresse_2": null, "Code_posta": "84170", "Commune": "Monteux", "Pays": "France", "Longitude": 4.970337, "Latitude": 44.020688, "Téléphon": null, "Téléph_1": null, "Mél": "contact@parc-spirou.com", "Tarifs_en_": "Adulte : 36 € (+ 1m40\n36 €  La journée\n90 €   Pass saison \n185 € Pass gold)\nEnfant : 30 € (Entre 1m et 1.40m\n30 €  La journée\n80 €  Pass saison \n185 € Pass gold)\nTarif réduit : 29 € (Tarif unique et préférentiel dans vos Offices de", "Période_e": "Du 06/04 au 03/11/2024.\nHoraires variables, plus d'informations sur le site internet du Parc Spirou.", "Descriptif": "Rendez-vous à Monteux pour passer une folle journée pleine de surprises. Le Parc Spirou vous attend avec ses nombreuses attractions et ses mascottes pour faire le plein de souvenirs. N’attendez plus et venez découvrir l’univers de Spirou et ses am", "Descript_1": "Plongez dans une bulle d'émotions fortes !\nAu parc à thème Parc Spirou Provence, vivez en famille une journée 100% BD, à la découverte des héros emblématiques du journal Spirou.\nPartez-en pole position dans le Spirou Racing ; \nAccompagnez Gaston", "F18": null, "F19": null, "F20": null, "F21": null, "F22": null, "F23": null, "F24": null, "F25": null, "F26": null, "desserte": "desservi", "layer": "site_de_visite_desservi", "path": "C:\\Users\\urbai\\OneDrive\\Desktop\\Docs\\Avignon Université\\Master1 GéoTer\\Mémoire\\projet qgis\\site de visite\\site_de_visite_desservi.dbf|layername=site_de_visite_desservi" }, "geometry": { "type": "Point", "coordinates": [ 4.970337, 44.020688 ] } },
{ "type": "Feature", "properties": { "Type_d_obj": "Équipement", "NB_visiteu": "150000", "Nom": "Wave Island", "Adresse_1": "663 impasse de la Traverse du Ventoux", "Adresse_2": null, "Code_posta": "84170", "Commune": "Monteux", "Pays": "France", "Longitude": 4.9656, "Latitude": 44.019, "Téléphon": "04 88 84 72 17", "Téléph_1": "+33 4 88 84 72 17", "Mél": "info@waveisland.fr", "Tarifs_en_": "Adulte : 31,90 € (+ de 1m20)\nEnfant : 23 € (- de 1m20)\nTarif réduit : de 12 à 24 € (- de 1m20/+de 1m20).\n\n Gratuit pour les moins de 4 ans, les accompagnateurs guides.\n\nSunset billet (16h - 19h) : 20 €\nStage (découverte ou perfectionnement) su", "Période_e": "Du 19/06 au 01/09/2024 de 10h à 19h.\n* Selon calendrier d’ouverture sur waveisland.fr\n OUVERTURE ZONE AQUATIQUE :\n10h-19h (fermeture des attractions à partir de 18h30) tous les jours\n? OUVERTURE VAGUES ARTIFICIELLES :\n10h-19h tous les jours pour les", "Descriptif": "WAVE ISLAND, LE PARC AQUATIQUE 100% GLISSE EN PROVENCE\nEmbarquez pour WAVE ISLAND, le Parc Aquatique 100% Glisse au cœur de la Provence à Monteux et à seulement 10 minutes\nd’Avignon.", "Descript_1": "Partez à la découverte, en famille ou entre amis, de près de 5 hectares d’aventures dont 33 attractions et activités\naquatiques et ludiques adaptées à tous les âges. Wave Island c’est aussi : 2 Vagues artificielles de surf, bodyboard et flowbo", "F18": null, "F19": null, "F20": null, "F21": null, "F22": null, "F23": null, "F24": null, "F25": null, "F26": null, "desserte": "desservi", "layer": "site_de_visite_desservi", "path": "C:\\Users\\urbai\\OneDrive\\Desktop\\Docs\\Avignon Université\\Master1 GéoTer\\Mémoire\\projet qgis\\site de visite\\site_de_visite_desservi.dbf|layername=site_de_visite_desservi" }, "geometry": { "type": "Point", "coordinates": [ 4.9656, 44.019 ] } },
{ "type": "Feature", "properties": { "Type_d_obj": "Patrimoine culturel", "NB_visiteu": "31536", "Nom": "Forteresse de Mornas", "Adresse_1": "Forteresse", "Adresse_2": "Haut du village", "Code_posta": "84550", "Commune": "Mornas", "Pays": "France", "Longitude": 4.729007, "Latitude": 44.20602, "Téléphon": "04 90 37 91 28", "Téléph_1": "+33 4 90 37 91 28", "Mél": "forteresse@mairie-mornas.fr", "Tarifs_en_": "Adulte : de 8 à 12 € (Visite simple 8 €\nVisite animée 12 €)\nEnfant  : de 6 à 10 € (Visite simple 6 €\nVisite animée 10 €)\nGroupe adultes : de 7 à 11 € (Visite simple 7€ \nVisite animée 11€)\nGroupe enfants  : de 5 à 9 € (Visite si", "Période_e": "Du 01/04 au 03/11 \nOuverture tous les jours de 10h à 17h30.\nVisites simples : \ndu 1er Avril au 7 juillet et du 1er septembre au 5 novembre : tous les jours\nvendredi en juillet et août\nde 10h à 17h30 (du 01/10 au 05/11 de 11h à 17h30) fermé de 13h à", "Descriptif": "Viendez et poussez l'huis de la forteresse de Mornas. Moult dames et seigneurs vous conteront de façon originale, ludique, interactive, les us et coutumes du Moyen Age !", "Descript_1": "La Forteresse de Mornas Reine de La Vallée Rhône, \n \nLa Forteresse de Mornas Fièrement posée au sommet d’une falaise de 137 mètres de haut était à l’origine un véritable bastion de défense militaire. Occupé depuis l’époque antique, ce si", "F18": null, "F19": null, "F20": null, "F21": null, "F22": null, "F23": null, "F24": null, "F25": null, "F26": null, "desserte": "desservi", "layer": "site_de_visite_desservi", "path": "C:\\Users\\urbai\\OneDrive\\Desktop\\Docs\\Avignon Université\\Master1 GéoTer\\Mémoire\\projet qgis\\site de visite\\site_de_visite_desservi.dbf|layername=site_de_visite_desservi" }, "geometry": { "type": "Point", "coordinates": [ 4.729007, 44.20602 ] } },
{ "type": "Feature", "properties": { "Type_d_obj": "Patrimoine culturel", "NB_visiteu": "102970", "Nom": "Fort Saint-André + Chartreuse + collégiale + tour philippe le Bel + musée pierre de Luxembourg", "Adresse_1": "Fort Saint-André Centre des monuments nationaux", "Adresse_2": "57A, rue Montée du Fort", "Code_posta": "30400", "Commune": "Villeneuve-lez-Avignon", "Pays": "France", "Longitude": 4.800468, "Latitude": 43.96567, "Téléphon": "04 90 25 45 35", "Téléph_1": "+33 4 90 25 45 35", "Mél": "lefort-saint-andre@monuments-nationaux.fr", "Tarifs_en_": "Plein tarif : 7 €\nGroupe adultes : 5,50 € (à partir de 20 adultes payants).\n\n\nPass 5 Monuments Villeneuve lez Avignon : 20 €. \nGRATUITE POUR LES :\nMoins de 18 ans \n18-25 ans (ressortissants des pays de l’Union Européenne et résidents régulier", "Période_e": "Toute l'année, tous les jours.\nFermetures exceptionnelles les 1er janvier, 1er mai, 1er novembre, 11 novembre et 25 décembre.\nDe octobre à mai : 10h - 13h et 14h - 17h.\nDe juin à septembre : 10h - 13h et 14h - 18h.", "Descriptif": "Monument national, le fort Saint-André fut construit pour affirmer la puissance du royaume de France face à la papauté installée à Avignon. Il constitue un ensemble significatif de l’architecture militaire française du XIVe siècle.", "Descript_1": "Dominant toute la ville, avec un panorama unique donnant sur la vallée du Rhône et la Provence, c’est un site exceptionnel.\n\nLa position stratégique du Fort Saint-André permet, depuis son chemin de ronde, de profiter d’un panorama à 360° sur le", "F18": null, "F19": null, "F20": null, "F21": null, "F22": null, "F23": null, "F24": null, "F25": null, "F26": null, "desserte": "desservi", "layer": "site_de_visite_desservi", "path": "C:\\Users\\urbai\\OneDrive\\Desktop\\Docs\\Avignon Université\\Master1 GéoTer\\Mémoire\\projet qgis\\site de visite\\site_de_visite_desservi.dbf|layername=site_de_visite_desservi" }, "geometry": { "type": "Point", "coordinates": [ 4.800468, 43.96567 ] } },
{ "type": "Feature", "properties": { "Type_d_obj": null, "NB_visiteu": "0", "Nom": "LAC DE MONTEUX", "Adresse_1": null, "Adresse_2": null, "Code_posta": "0", "Commune": "MONTEUX", "Pays": null, "Longitude": 4.965426, "Latitude": 44.01661, "Téléphon": null, "Téléph_1": null, "Mél": null, "Tarifs_en_": null, "Période_e": null, "Descriptif": null, "Descript_1": null, "F18": null, "F19": null, "F20": null, "F21": null, "F22": null, "F23": null, "F24": null, "F25": null, "F26": null, "desserte": "desservi", "layer": "site_de_visite_desservi", "path": "C:\\Users\\urbai\\OneDrive\\Desktop\\Docs\\Avignon Université\\Master1 GéoTer\\Mémoire\\projet qgis\\site de visite\\site_de_visite_desservi.dbf|layername=site_de_visite_desservi" }, "geometry": { "type": "Point", "coordinates": [ 4.965426, 44.01661 ] } },
{ "type": "Feature", "properties": { "Type_d_obj": null, "NB_visiteu": "0", "Nom": "CHÂTEAUNEUF DU PAPE", "Adresse_1": null, "Adresse_2": null, "Code_posta": "0", "Commune": null, "Pays": null, "Longitude": 4.83333, "Latitude": 44.049999, "Téléphon": null, "Téléph_1": null, "Mél": null, "Tarifs_en_": null, "Période_e": null, "Descriptif": null, "Descript_1": null, "F18": null, "F19": null, "F20": null, "F21": null, "F22": null, "F23": null, "F24": null, "F25": null, "F26": null, "desserte": "desservi", "layer": "site_de_visite_desservi", "path": "C:\\Users\\urbai\\OneDrive\\Desktop\\Docs\\Avignon Université\\Master1 GéoTer\\Mémoire\\projet qgis\\site de visite\\site_de_visite_desservi.dbf|layername=site_de_visite_desservi" }, "geometry": { "type": "Point", "coordinates": [ 4.83333, 44.049999 ] } },
{ "type": "Feature", "properties": { "Type_d_obj": null, "NB_visiteu": "0", "Nom": "musée du fruit confi t", "Adresse_1": null, "Adresse_2": null, "Code_posta": "0", "Commune": "APT", "Pays": null, "Longitude": 5.361911, "Latitude": 43.885562, "Téléphon": null, "Téléph_1": null, "Mél": null, "Tarifs_en_": null, "Période_e": null, "Descriptif": null, "Descript_1": null, "F18": null, "F19": null, "F20": null, "F21": null, "F22": null, "F23": null, "F24": null, "F25": null, "F26": null, "desserte": "desservi", "layer": "site_de_visite_desservi", "path": "C:\\Users\\urbai\\OneDrive\\Desktop\\Docs\\Avignon Université\\Master1 GéoTer\\Mémoire\\projet qgis\\site de visite\\site_de_visite_desservi.dbf|layername=site_de_visite_desservi" }, "geometry": { "type": "Point", "coordinates": [ 5.361911, 43.885562 ] } },
{ "type": "Feature", "properties": { "Type_d_obj": null, "NB_visiteu": "0", "Nom": "ETANG DE LA BONDE", "Adresse_1": null, "Adresse_2": null, "Code_posta": "0", "Commune": "CABRIERES D’AIGUES", "Pays": null, "Longitude": 5.50361, "Latitude": 43.760124, "Téléphon": null, "Téléph_1": null, "Mél": null, "Tarifs_en_": null, "Période_e": null, "Descriptif": null, "Descript_1": null, "F18": null, "F19": null, "F20": null, "F21": null, "F22": null, "F23": null, "F24": null, "F25": null, "F26": null, "desserte": "desservi", "layer": "site_de_visite_desservi", "path": "C:\\Users\\urbai\\OneDrive\\Desktop\\Docs\\Avignon Université\\Master1 GéoTer\\Mémoire\\projet qgis\\site de visite\\site_de_visite_desservi.dbf|layername=site_de_visite_desservi" }, "geometry": { "type": "Point", "coordinates": [ 5.50361, 43.760124 ] } },
{ "type": "Feature", "properties": { "Type_d_obj": null, "NB_visiteu": "0", "Nom": "forteresse", "Adresse_1": null, "Adresse_2": null, "Code_posta": "0", "Commune": "MORNAS", "Pays": null, "Longitude": 4.72879, "Latitude": 44.20205, "Téléphon": null, "Téléph_1": null, "Mél": null, "Tarifs_en_": null, "Période_e": null, "Descriptif": null, "Descript_1": null, "F18": null, "F19": null, "F20": null, "F21": null, "F22": null, "F23": null, "F24": null, "F25": null, "F26": null, "desserte": "desservi", "layer": "site_de_visite_desservi", "path": "C:\\Users\\urbai\\OneDrive\\Desktop\\Docs\\Avignon Université\\Master1 GéoTer\\Mémoire\\projet qgis\\site de visite\\site_de_visite_desservi.dbf|layername=site_de_visite_desservi" }, "geometry": { "type": "Point", "coordinates": [ 4.72879, 44.20205 ] } },
{ "type": "Feature", "properties": { "Type_d_obj": null, "NB_visiteu": "0", "Nom": "partage des eaux", "Adresse_1": null, "Adresse_2": null, "Code_posta": "0", "Commune": "ISLE SUR LA SORGUE", "Pays": null, "Longitude": 5.07222, "Latitude": 43.91691, "Téléphon": null, "Téléph_1": null, "Mél": null, "Tarifs_en_": null, "Période_e": null, "Descriptif": null, "Descript_1": null, "F18": null, "F19": null, "F20": null, "F21": null, "F22": null, "F23": null, "F24": null, "F25": null, "F26": null, "desserte": "non desservi", "layer": "site_de_visite_non_desservi", "path": "C:\\Users\\urbai\\OneDrive\\Desktop\\Docs\\Avignon Université\\Master1 GéoTer\\Mémoire\\projet qgis\\site de visite\\site_de_visite_non_desservi.dbf|layername=site_de_visite_non_desservi" }, "geometry": { "type": "Point", "coordinates": [ 5.07222, 43.91691 ] } }
]
}
